-- MySQL dump 10.13  Distrib 8.0.22, for Win64 (x86_64)
--
-- Host: localhost    Database: mnomina
-- ------------------------------------------------------
-- Server version	5.7.31

/*!40101 SET @OLD_CHARACTER_SET_CLIENT=@@CHARACTER_SET_CLIENT */;
/*!40101 SET @OLD_CHARACTER_SET_RESULTS=@@CHARACTER_SET_RESULTS */;
/*!40101 SET @OLD_COLLATION_CONNECTION=@@COLLATION_CONNECTION */;
/*!50503 SET NAMES utf8 */;
/*!40103 SET @OLD_TIME_ZONE=@@TIME_ZONE */;
/*!40103 SET TIME_ZONE='+00:00' */;
/*!40014 SET @OLD_UNIQUE_CHECKS=@@UNIQUE_CHECKS, UNIQUE_CHECKS=0 */;
/*!40014 SET @OLD_FOREIGN_KEY_CHECKS=@@FOREIGN_KEY_CHECKS, FOREIGN_KEY_CHECKS=0 */;
/*!40101 SET @OLD_SQL_MODE=@@SQL_MODE, SQL_MODE='NO_AUTO_VALUE_ON_ZERO' */;
/*!40111 SET @OLD_SQL_NOTES=@@SQL_NOTES, SQL_NOTES=0 */;

--
-- Table structure for table `acumulados`
--

DROP TABLE IF EXISTS `acumulados`;
/*!40101 SET @saved_cs_client     = @@character_set_client */;
/*!50503 SET character_set_client = utf8mb4 */;
CREATE TABLE `acumulados` (
  `id` int(11) NOT NULL AUTO_INCREMENT,
  `acu_idEmpresa` int(11) DEFAULT NULL,
  `acu_idLiquidacion` int(11) DEFAULT NULL,
  `acu_periodo` char(6) COLLATE utf8mb4_unicode_ci DEFAULT NULL,
  `acu_idEmpleado` int(11) DEFAULT NULL,
  `acu_idConcepto` int(11) DEFAULT NULL,
  `acu_numero` double(8,2) DEFAULT NULL,
  `acu_debitos` double(12,2) DEFAULT NULL,
  `acu_creditos` double(12,2) DEFAULT NULL,
  `acu_estado` char(1) COLLATE utf8mb4_unicode_ci DEFAULT NULL,
  `created_at` timestamp NULL DEFAULT NULL,
  `updated_at` timestamp NULL DEFAULT NULL,
  PRIMARY KEY (`id`)
) ENGINE=InnoDB AUTO_INCREMENT=121 DEFAULT CHARSET=utf8mb4 COLLATE=utf8mb4_unicode_ci;
/*!40101 SET character_set_client = @saved_cs_client */;

--
-- Dumping data for table `acumulados`
--

LOCK TABLES `acumulados` WRITE;
/*!40000 ALTER TABLE `acumulados` DISABLE KEYS */;
INSERT INTO `acumulados` VALUES (89,21,62,'202301',1,1,30.00,4000000.00,NULL,'A','2023-07-30 00:47:52','2023-07-30 00:47:52'),(90,21,62,'202301',1,8,30.00,250000.00,NULL,'A','2023-07-30 00:47:52','2023-07-30 00:47:52'),(91,21,62,'202301',1,4,30.00,230000.00,NULL,'A','2023-07-30 00:47:52','2023-07-30 00:47:52'),(92,21,62,'202301',1,5,30.00,NULL,179200.00,'A','2023-07-30 00:47:52','2023-07-30 00:47:52'),(93,21,62,'202301',1,6,30.00,NULL,179200.00,'A','2023-07-30 00:47:52','2023-07-30 00:47:52'),(94,21,62,'202301',2,1,30.00,3000000.00,NULL,'A','2023-07-30 00:47:52','2023-07-30 00:47:52'),(95,21,62,'202301',2,10,30.00,120000.00,NULL,'A','2023-07-30 00:47:52','2023-07-30 00:47:52'),(96,21,62,'202301',2,5,30.00,NULL,124800.00,'A','2023-07-30 00:47:52','2023-07-30 00:47:52'),(97,21,62,'202301',2,6,30.00,NULL,124800.00,'A','2023-07-30 00:47:52','2023-07-30 00:47:52'),(98,21,62,'202301',4,1,16.00,2175000.00,NULL,'A','2023-07-30 00:47:52','2023-07-30 00:47:52'),(99,21,62,'202301',4,3,16.00,263636.25,NULL,'A','2023-07-30 00:47:52','2023-07-30 00:47:52'),(100,21,62,'202301',4,8,16.00,72500.00,NULL,'A','2023-07-30 00:47:52','2023-07-30 00:47:52'),(101,21,62,'202301',4,4,16.00,230000.00,NULL,'A','2023-07-30 00:47:52','2023-07-30 00:47:52'),(102,21,62,'202301',4,5,16.00,NULL,185812.50,'A','2023-07-30 00:47:52','2023-07-30 00:47:52'),(103,21,62,'202301',4,6,16.00,NULL,185812.50,'A','2023-07-30 00:47:52','2023-07-30 00:47:52'),(104,21,62,'202301',3,1,30.00,2000000.00,NULL,'A','2023-07-30 00:47:52','2023-07-30 00:47:52'),(105,21,62,'202301',3,3,30.00,140606.00,NULL,'A','2023-07-30 00:47:52','2023-07-30 00:47:52'),(106,21,62,'202301',3,8,30.00,35416.67,NULL,'A','2023-07-30 00:47:52','2023-07-30 00:47:52'),(107,21,62,'202301',3,4,30.00,230000.00,NULL,'A','2023-07-30 00:47:52','2023-07-30 00:47:52'),(108,21,62,'202301',3,5,30.00,NULL,90616.67,'A','2023-07-30 00:47:52','2023-07-30 00:47:52'),(109,21,62,'202301',3,6,30.00,NULL,90616.67,'A','2023-07-30 00:47:52','2023-07-30 00:47:52'),(110,21,62,'202301',5,1,19.00,3157894.74,NULL,'A','2023-07-30 00:47:52','2023-07-30 00:47:52'),(111,21,62,'202301',5,3,19.00,222009.47,NULL,'A','2023-07-30 00:47:52','2023-07-30 00:47:52'),(112,21,62,'202301',5,4,19.00,230000.00,NULL,'A','2023-07-30 00:47:52','2023-07-30 00:47:52'),(113,21,62,'202301',5,5,19.00,NULL,213972.30,'A','2023-07-30 00:47:52','2023-07-30 00:47:52'),(114,21,62,'202301',5,6,19.00,NULL,213972.30,'A','2023-07-30 00:47:52','2023-07-30 00:47:52'),(115,21,62,'202301',6,1,30.00,1160000.00,NULL,'A','2023-07-30 00:47:52','2023-07-30 00:47:52'),(116,21,62,'202301',6,3,30.00,140606.00,NULL,'A','2023-07-30 00:47:52','2023-07-30 00:47:52'),(117,21,62,'202301',6,4,30.00,230000.00,NULL,'A','2023-07-30 00:47:52','2023-07-30 00:47:52'),(118,21,62,'202301',6,9,30.00,240000.00,NULL,'A','2023-07-30 00:47:52','2023-07-30 00:47:52'),(119,21,62,'202301',6,5,30.00,NULL,55600.00,'A','2023-07-30 00:47:52','2023-07-30 00:47:52'),(120,21,62,'202301',6,6,30.00,NULL,55600.00,'A','2023-07-30 00:47:52','2023-07-30 00:47:52');
/*!40000 ALTER TABLE `acumulados` ENABLE KEYS */;
UNLOCK TABLES;

--
-- Table structure for table `bancos`
--

DROP TABLE IF EXISTS `bancos`;
/*!40101 SET @saved_cs_client     = @@character_set_client */;
/*!50503 SET character_set_client = utf8mb4 */;
CREATE TABLE `bancos` (
  `id` int(11) NOT NULL AUTO_INCREMENT,
  `ban_idEmpresa` int(11) DEFAULT NULL,
  `ban_codigo` int(11) DEFAULT NULL,
  `ban_nombre` varchar(50) COLLATE utf8mb4_unicode_ci DEFAULT NULL,
  `created_at` timestamp NULL DEFAULT NULL,
  `updated_at` timestamp NULL DEFAULT NULL,
  PRIMARY KEY (`id`)
) ENGINE=MyISAM AUTO_INCREMENT=30 DEFAULT CHARSET=utf8mb4 COLLATE=utf8mb4_unicode_ci;
/*!40101 SET character_set_client = @saved_cs_client */;

--
-- Dumping data for table `bancos`
--

LOCK TABLES `bancos` WRITE;
/*!40000 ALTER TABLE `bancos` DISABLE KEYS */;
INSERT INTO `bancos` VALUES (2,21,59,'BANCO SANTANDER DE NEGOCIOS COLOMBIA S. A.',NULL,NULL),(3,21,62,'BANCO MIBANCO',NULL,NULL),(4,21,57,'BANCO PICHINCHA S. A.',NULL,NULL),(5,21,56,'BANCO FALABELLA S. A.',NULL,NULL),(6,21,55,'BANCO FINANDINA S. A.',NULL,NULL),(7,21,54,'BANCO COOMEVA S. A.',NULL,NULL),(8,21,111,'BANCO CREDIFINANCIERA S.A.',NULL,NULL),(9,21,43,'BANCO AGRARIO DE COLOMBIA S. A.',NULL,NULL),(10,21,42,'SCOTIABANK COLPATRIA S.A.',NULL,NULL),(11,21,41,'BANCO JP MORGAN',NULL,NULL),(12,21,39,'BANCO DAVIVIENDA S. A.',NULL,NULL),(13,21,30,'BCSC S. A.',NULL,NULL),(14,21,13,'BBVA COLOMBIA S. A.',NULL,NULL),(15,21,12,'BANCO GNB SUDAMERIS S. A.',NULL,NULL),(16,21,60,'BANCO MUNDO MUJER',NULL,NULL),(17,21,9,'CITIBANK',NULL,NULL),(18,21,67,'BANCO UNIÓN',NULL,NULL),(19,21,58,'BANCO COOPCENTRAL',NULL,NULL),(20,21,52,'BANCAMIA S. A.',NULL,NULL),(21,21,49,'BANCO COMERCIAL AV VILLAS S. A.',NULL,NULL),(22,21,63,'BANCO SERFINANSA',NULL,NULL),(23,21,23,'BANCO DE OCCIDENTE',NULL,NULL),(24,21,53,'BANCO W S. A.',NULL,NULL),(25,21,7,'BANCOLOMBIA S. A.',NULL,NULL),(26,21,6,'BANCO ITAÚ CORPBANCA COLOMBIA S.A.',NULL,NULL),(27,21,2,'BANCO POPULAR S. A.',NULL,NULL),(28,21,1,'BANCO DE BOGOTA',NULL,NULL),(29,21,43,'BANCO AGRARIO DE COLOMBIA','2023-07-23 03:37:56','2023-07-23 03:37:56');
/*!40000 ALTER TABLE `bancos` ENABLE KEYS */;
UNLOCK TABLES;

--
-- Table structure for table `cargos`
--

DROP TABLE IF EXISTS `cargos`;
/*!40101 SET @saved_cs_client     = @@character_set_client */;
/*!50503 SET character_set_client = utf8mb4 */;
CREATE TABLE `cargos` (
  `id` int(11) NOT NULL AUTO_INCREMENT,
  `car_idEmpresa` int(11) DEFAULT NULL,
  `car_nombre` varchar(45) COLLATE utf8mb4_unicode_ci DEFAULT NULL,
  `car_nroOcupados` int(11) DEFAULT NULL,
  `car_nroVacantes` int(11) DEFAULT NULL,
  `car_otrosFactores` char(1) COLLATE utf8mb4_unicode_ci DEFAULT NULL,
  `car_tipo` int(11) DEFAULT NULL,
  `car_estado` char(1) COLLATE utf8mb4_unicode_ci DEFAULT NULL,
  `car_salario` decimal(12,0) DEFAULT NULL,
  `created_at` timestamp NULL DEFAULT NULL,
  `updated_at` timestamp NULL DEFAULT NULL,
  PRIMARY KEY (`id`)
) ENGINE=InnoDB AUTO_INCREMENT=19 DEFAULT CHARSET=utf8mb4 COLLATE=utf8mb4_unicode_ci;
/*!40101 SET character_set_client = @saved_cs_client */;

--
-- Dumping data for table `cargos`
--

LOCK TABLES `cargos` WRITE;
/*!40000 ALTER TABLE `cargos` DISABLE KEYS */;
INSERT INTO `cargos` VALUES (7,21,'Contador',0,1,'N',5,'A',2000000,'2023-06-05 22:46:24','2023-06-10 23:00:04'),(8,21,'Secretaria',0,3,'N',4,'A',1600000,'2023-06-09 00:57:45','2023-06-10 23:00:27'),(9,21,'Secretaria Auxiliar',0,5,'N',4,'A',1300000,'2023-06-09 01:01:11','2023-06-16 21:22:54'),(10,21,'Gerente',0,1,'N',0,'A',4000000,'2023-06-22 01:30:46','2023-06-22 01:30:46'),(11,21,'Jefe Sistemas',0,1,'N',0,'A',3000000,'2023-06-22 01:30:46','2023-06-22 01:30:46'),(12,21,'auxiliar servicios',0,2,'N',0,'A',1160000,'2023-06-22 01:30:46','2023-06-22 01:30:46'),(13,21,'Operario de maquina',0,3,'N',0,'A',2000000,'2023-06-22 01:30:46','2023-06-22 01:30:46'),(14,21,'Auxiliar de maquina',0,2,'N',0,'A',1160000,'2023-06-22 01:30:46','2023-06-22 01:30:46'),(15,21,'vendedor',0,2,'N',0,'A',1160000,'2023-06-22 01:30:46','2023-06-22 01:30:46'),(16,21,'Impulsadora',0,1,'N',0,'A',1160000,'2023-06-22 01:30:46','2023-06-22 01:30:46'),(17,21,'Ing sistemas',0,1,'N',0,'A',2200000,'2023-06-22 01:30:46','2023-06-22 01:30:46'),(18,21,'auxiliar contable',0,1,'N',0,'A',2000000,'2023-06-22 01:30:46','2023-06-22 01:30:46');
/*!40000 ALTER TABLE `cargos` ENABLE KEYS */;
UNLOCK TABLES;

--
-- Table structure for table `conceptos`
--

DROP TABLE IF EXISTS `conceptos`;
/*!40101 SET @saved_cs_client     = @@character_set_client */;
/*!50503 SET character_set_client = utf8mb4 */;
CREATE TABLE `conceptos` (
  `id` bigint(20) unsigned NOT NULL AUTO_INCREMENT,
  `cp_idEmpresa` int(11) NOT NULL,
  `cp_tipo` char(2) COLLATE utf8mb4_unicode_ci DEFAULT NULL,
  `cp_codigo` char(4) COLLATE utf8mb4_unicode_ci DEFAULT NULL,
  `cp_titulo` varchar(20) COLLATE utf8mb4_unicode_ci NOT NULL,
  `cp_descripcion` varchar(100) COLLATE utf8mb4_unicode_ci NOT NULL,
  `cp_factorSalarial` char(1) COLLATE utf8mb4_unicode_ci DEFAULT NULL,
  `cp_seguridadSocial` char(1) COLLATE utf8mb4_unicode_ci DEFAULT NULL,
  `cp_fechaDesde` date NOT NULL,
  `cp_fechaHasta` date DEFAULT NULL,
  `cp_valorDefault` double(8,2) NOT NULL,
  `cp_porcentajeDefault` double(8,2) NOT NULL,
  `cp_estado` varchar(1) COLLATE utf8mb4_unicode_ci NOT NULL,
  `cp_ctaDebito` varchar(20) COLLATE utf8mb4_unicode_ci DEFAULT NULL,
  `cp_ctaCredito` varchar(20) COLLATE utf8mb4_unicode_ci DEFAULT NULL,
  `created_at` timestamp NULL DEFAULT NULL,
  `updated_at` timestamp NULL DEFAULT NULL,
  PRIMARY KEY (`id`)
) ENGINE=InnoDB AUTO_INCREMENT=13 DEFAULT CHARSET=utf8mb4 COLLATE=utf8mb4_unicode_ci;
/*!40101 SET character_set_client = @saved_cs_client */;

--
-- Dumping data for table `conceptos`
--

LOCK TABLES `conceptos` WRITE;
/*!40000 ALTER TABLE `conceptos` DISABLE KEYS */;
INSERT INTO `conceptos` VALUES (1,21,'DV','SAL','SALARIO','Salario base','S','S','2023-01-01','2030-12-01',0.00,0.00,'A',NULL,NULL,'2023-05-14 21:11:55','2023-05-24 06:46:57'),(3,21,'DV','TRA','TRANSPORTE','Auxilio de transporte','S','S','2023-01-01','2030-12-01',145000.00,0.00,'A',NULL,NULL,'2023-05-22 02:09:55','2023-07-07 04:16:22'),(4,21,'PE','ALI','ALIMENTACION','Bono de alimentación','N','N','2023-01-01','2030-12-01',0.00,0.00,'A','5','2','2023-05-22 02:20:24','2023-07-23 02:51:46'),(5,21,'DD','EPS','SALUD','Aporte a Salud','N','N','2023-01-01','2030-12-01',0.00,4.00,'A',NULL,NULL,'2023-05-24 06:47:58','2023-05-24 06:47:58'),(6,21,'DD','AFP','PENSION','Aporte a Pension','N','N','2023-01-01','2030-12-01',0.00,4.00,'A',NULL,NULL,'2023-05-24 06:51:03','2023-05-24 06:51:03'),(7,21,'DD','ARL','RIESGOS LABORALES','Riesgos laborales','N','N','2023-01-01','2040-12-31',0.00,0.05,'A',NULL,NULL,NULL,NULL),(8,21,'DV','HEX','HEXTRAS','Horas Extras','N','S','2023-01-01','2099-12-31',0.00,0.00,'A',NULL,NULL,'2023-07-16 20:14:21','2023-07-16 20:16:22'),(9,21,'PE','COM','COMISIONES','Comisiones por ventas','S','S','2023-01-01','2090-12-31',0.00,0.00,'A','5','2','2023-07-17 19:37:05','2023-07-23 03:39:39'),(10,21,'PE','BES','BONIFICACION','Bonificación Especial','S','S','2023-01-01','2099-12-31',0.00,0.00,'A',NULL,NULL,'2023-07-17 19:38:31','2023-07-17 19:38:31'),(11,21,'DD','RET','RETEFUENTE','Retebciòn en la fuente','N','N','2023-01-01','2099-12-31',0.00,0.00,'A','5','2','2023-07-29 22:56:35','2023-07-29 22:56:35'),(12,21,'DV','BON','BONOS','Bonificaciones y/o premios','N','N','2023-01-01','2099-12-31',0.00,0.00,'A','5','2','2023-07-29 22:59:08','2023-07-29 22:59:08');
/*!40000 ALTER TABLE `conceptos` ENABLE KEYS */;
UNLOCK TABLES;

--
-- Table structure for table `coopfondos`
--

DROP TABLE IF EXISTS `coopfondos`;
/*!40101 SET @saved_cs_client     = @@character_set_client */;
/*!50503 SET character_set_client = utf8mb4 */;
CREATE TABLE `coopfondos` (
  `id` int(11) NOT NULL AUTO_INCREMENT,
  `cof_idEmpresa` int(11) DEFAULT NULL,
  `cof_idEmpleado` int(11) DEFAULT NULL,
  `cof_idTercero` int(11) DEFAULT NULL,
  `cof_valorTotal` decimal(12,2) DEFAULT NULL,
  `cof_valorCuota` decimal(12,2) DEFAULT NULL,
  `cof_saldo` decimal(12,2) DEFAULT NULL,
  `col_plazo` int(11) DEFAULT NULL,
  `cof_fechaInicio` date DEFAULT NULL,
  `cof_fechaFinal` date DEFAULT NULL,
  `cof_periDescuento` char(1) COLLATE utf8mb4_unicode_ci DEFAULT NULL,
  `created_at` timestamp NULL DEFAULT NULL,
  `updated_at` timestamp NULL DEFAULT NULL,
  PRIMARY KEY (`id`)
) ENGINE=MyISAM AUTO_INCREMENT=6 DEFAULT CHARSET=utf8mb4 COLLATE=utf8mb4_unicode_ci COMMENT='		';
/*!40101 SET character_set_client = @saved_cs_client */;

--
-- Dumping data for table `coopfondos`
--

LOCK TABLES `coopfondos` WRITE;
/*!40000 ALTER TABLE `coopfondos` DISABLE KEYS */;
INSERT INTO `coopfondos` VALUES (1,21,1,59,450000.00,450000.00,450000.00,1,'2023-06-30','2023-06-30','P','2023-06-14 02:02:14','2023-06-14 02:02:14'),(2,21,2,60,450000.00,150000.00,450000.00,3,'2023-06-01','2022-06-05','P','2023-06-14 02:22:19','2023-06-14 02:22:19'),(3,21,2,59,50000.00,10000.00,50000.00,5,'2022-12-12','2023-05-12','S','2023-06-15 02:33:32','2023-06-15 02:33:32'),(5,21,1,60,50000.00,1.00,50000.00,50000,'2023-06-01','2023-06-10','P','2023-06-16 18:57:51','2023-06-16 18:57:51');
/*!40000 ALTER TABLE `coopfondos` ENABLE KEYS */;
UNLOCK TABLES;

--
-- Table structure for table `dependencias`
--

DROP TABLE IF EXISTS `dependencias`;
/*!40101 SET @saved_cs_client     = @@character_set_client */;
/*!50503 SET character_set_client = utf8mb4 */;
CREATE TABLE `dependencias` (
  `id` int(11) NOT NULL AUTO_INCREMENT,
  `dep_idEmpresa` int(11) DEFAULT NULL,
  `dep_nombre` varchar(45) COLLATE utf8mb4_unicode_ci DEFAULT NULL,
  `dep_estado` char(1) COLLATE utf8mb4_unicode_ci DEFAULT NULL,
  `created_at` timestamp NULL DEFAULT NULL,
  `updated_at` timestamp NULL DEFAULT NULL,
  PRIMARY KEY (`id`)
) ENGINE=InnoDB AUTO_INCREMENT=15 DEFAULT CHARSET=utf8mb4 COLLATE=utf8mb4_unicode_ci;
/*!40101 SET character_set_client = @saved_cs_client */;

--
-- Dumping data for table `dependencias`
--

LOCK TABLES `dependencias` WRITE;
/*!40000 ALTER TABLE `dependencias` DISABLE KEYS */;
INSERT INTO `dependencias` VALUES (7,21,'Area Financiera','A','2023-06-06 07:33:35','2023-06-06 07:33:35'),(8,21,'Area administrativa','A','2023-06-06 07:33:59','2023-06-06 07:33:59'),(9,21,'Financiera','A','2023-06-22 02:28:36','2023-06-22 02:28:36'),(10,21,'Administrativa','A','2023-06-22 02:28:36','2023-06-22 02:28:36'),(11,21,'Poducción','A','2023-06-22 02:28:36','2023-06-22 02:28:36'),(12,21,'Serviciios Generales','A','2023-06-22 02:28:36','2023-06-22 02:28:36'),(13,21,'Sistemas','A','2023-06-22 02:28:36','2023-06-22 02:28:36'),(14,21,'Ventas','A','2023-06-22 02:28:36','2023-06-22 02:28:36');
/*!40000 ALTER TABLE `dependencias` ENABLE KEYS */;
UNLOCK TABLES;

--
-- Table structure for table `dias_habiles`
--

DROP TABLE IF EXISTS `dias_habiles`;
/*!40101 SET @saved_cs_client     = @@character_set_client */;
/*!50503 SET character_set_client = utf8mb4 */;
CREATE TABLE `dias_habiles` (
  `id` int(11) NOT NULL AUTO_INCREMENT,
  `dias_idEmpresa` int(11) DEFAULT NULL,
  `dias_fecha` date DEFAULT NULL,
  `dias_habil` char(30) COLLATE utf8mb4_unicode_ci DEFAULT NULL,
  `created_at` timestamp NULL DEFAULT NULL,
  `updated_at` timestamp NULL DEFAULT NULL,
  PRIMARY KEY (`id`)
) ENGINE=MyISAM AUTO_INCREMENT=1534 DEFAULT CHARSET=utf8mb4 COLLATE=utf8mb4_unicode_ci;
/*!40101 SET character_set_client = @saved_cs_client */;

--
-- Dumping data for table `dias_habiles`
--

LOCK TABLES `dias_habiles` WRITE;
/*!40000 ALTER TABLE `dias_habiles` DISABLE KEYS */;
INSERT INTO `dias_habiles` VALUES (1169,21,'2023-01-02','H','2023-07-03 15:30:57','2023-07-03 15:30:57'),(1533,21,'2024-01-01','H','2023-07-03 15:30:58','2023-07-03 15:30:58'),(1532,21,'2023-12-31','N','2023-07-03 15:30:58','2023-07-03 15:30:58'),(1531,21,'2023-12-30','N','2023-07-03 15:30:58','2023-07-03 15:30:58'),(1530,21,'2023-12-29','H','2023-07-03 15:30:58','2023-07-03 15:30:58'),(1529,21,'2023-12-28','H','2023-07-03 15:30:58','2023-07-03 15:30:58'),(1528,21,'2023-12-27','H','2023-07-03 15:30:58','2023-07-03 15:30:58'),(1527,21,'2023-12-26','H','2023-07-03 15:30:58','2023-07-03 15:30:58'),(1526,21,'2023-12-25','N','2023-07-03 15:30:58','2023-07-03 15:30:58'),(1525,21,'2023-12-24','N','2023-07-03 15:30:58','2023-07-03 15:30:58'),(1524,21,'2023-12-23','N','2023-07-03 15:30:58','2023-07-03 15:30:58'),(1523,21,'2023-12-22','H','2023-07-03 15:30:58','2023-07-03 15:30:58'),(1522,21,'2023-12-21','H','2023-07-03 15:30:58','2023-07-03 15:30:58'),(1521,21,'2023-12-20','H','2023-07-03 15:30:58','2023-07-03 15:30:58'),(1520,21,'2023-12-19','H','2023-07-03 15:30:58','2023-07-03 15:30:58'),(1519,21,'2023-12-18','H','2023-07-03 15:30:58','2023-07-03 15:30:58'),(1518,21,'2023-12-17','N','2023-07-03 15:30:58','2023-07-03 15:30:58'),(1517,21,'2023-12-16','N','2023-07-03 15:30:58','2023-07-03 15:30:58'),(1516,21,'2023-12-15','H','2023-07-03 15:30:58','2023-07-03 15:30:58'),(1515,21,'2023-12-14','H','2023-07-03 15:30:58','2023-07-03 15:30:58'),(1514,21,'2023-12-13','H','2023-07-03 15:30:58','2023-07-03 15:30:58'),(1513,21,'2023-12-12','H','2023-07-03 15:30:58','2023-07-03 15:30:58'),(1512,21,'2023-12-11','H','2023-07-03 15:30:58','2023-07-03 15:30:58'),(1511,21,'2023-12-10','N','2023-07-03 15:30:58','2023-07-03 15:30:58'),(1510,21,'2023-12-09','N','2023-07-03 15:30:58','2023-07-03 15:30:58'),(1509,21,'2023-12-08','H','2023-07-03 15:30:58','2023-07-03 15:30:58'),(1508,21,'2023-12-07','H','2023-07-03 15:30:58','2023-07-03 15:30:58'),(1507,21,'2023-12-06','H','2023-07-03 15:30:58','2023-07-03 15:30:58'),(1506,21,'2023-12-05','H','2023-07-03 15:30:58','2023-07-03 15:30:58'),(1505,21,'2023-12-04','H','2023-07-03 15:30:58','2023-07-03 15:30:58'),(1504,21,'2023-12-03','N','2023-07-03 15:30:58','2023-07-03 15:30:58'),(1503,21,'2023-12-02','N','2023-07-03 15:30:58','2023-07-03 15:30:58'),(1502,21,'2023-12-01','H','2023-07-03 15:30:57','2023-07-03 15:30:57'),(1501,21,'2023-11-30','H','2023-07-03 15:30:57','2023-07-03 15:30:57'),(1500,21,'2023-11-29','H','2023-07-03 15:30:57','2023-07-03 15:30:57'),(1499,21,'2023-11-28','H','2023-07-03 15:30:57','2023-07-03 15:30:57'),(1498,21,'2023-11-27','H','2023-07-03 15:30:57','2023-07-03 15:30:57'),(1497,21,'2023-11-26','N','2023-07-03 15:30:57','2023-07-03 15:30:57'),(1496,21,'2023-11-25','N','2023-07-03 15:30:57','2023-07-03 15:30:57'),(1495,21,'2023-11-24','H','2023-07-03 15:30:57','2023-07-03 15:30:57'),(1494,21,'2023-11-23','H','2023-07-03 15:30:57','2023-07-03 15:30:57'),(1493,21,'2023-11-22','H','2023-07-03 15:30:57','2023-07-03 15:30:57'),(1492,21,'2023-11-21','H','2023-07-03 15:30:57','2023-07-03 15:30:57'),(1491,21,'2023-11-20','H','2023-07-03 15:30:57','2023-07-03 15:30:57'),(1490,21,'2023-11-19','N','2023-07-03 15:30:57','2023-07-03 15:30:57'),(1489,21,'2023-11-18','N','2023-07-03 15:30:57','2023-07-03 15:30:57'),(1488,21,'2023-11-17','H','2023-07-03 15:30:57','2023-07-03 15:30:57'),(1487,21,'2023-11-16','H','2023-07-03 15:30:57','2023-07-03 15:30:57'),(1486,21,'2023-11-15','H','2023-07-03 15:30:57','2023-07-03 15:30:57'),(1485,21,'2023-11-14','H','2023-07-03 15:30:57','2023-07-03 15:30:57'),(1484,21,'2023-11-13','H','2023-07-03 15:30:57','2023-07-03 15:30:57'),(1483,21,'2023-11-12','N','2023-07-03 15:30:57','2023-07-03 15:30:57'),(1482,21,'2023-11-11','N','2023-07-03 15:30:57','2023-07-03 15:30:57'),(1481,21,'2023-11-10','H','2023-07-03 15:30:57','2023-07-03 15:30:57'),(1480,21,'2023-11-09','H','2023-07-03 15:30:57','2023-07-03 15:30:57'),(1479,21,'2023-11-08','H','2023-07-03 15:30:57','2023-07-03 15:30:57'),(1478,21,'2023-11-07','H','2023-07-03 15:30:57','2023-07-03 15:30:57'),(1477,21,'2023-11-06','H','2023-07-03 15:30:57','2023-07-03 15:30:57'),(1476,21,'2023-11-05','N','2023-07-03 15:30:57','2023-07-03 15:30:57'),(1475,21,'2023-11-04','N','2023-07-03 15:30:57','2023-07-03 15:30:57'),(1474,21,'2023-11-03','H','2023-07-03 15:30:57','2023-07-03 15:30:57'),(1473,21,'2023-11-02','H','2023-07-03 15:30:57','2023-07-03 15:30:57'),(1472,21,'2023-11-01','H','2023-07-03 15:30:57','2023-07-03 15:30:57'),(1471,21,'2023-10-31','H','2023-07-03 15:30:57','2023-07-03 15:30:57'),(1470,21,'2023-10-30','H','2023-07-03 15:30:57','2023-07-03 15:30:57'),(1469,21,'2023-10-29','N','2023-07-03 15:30:57','2023-07-03 15:30:57'),(1468,21,'2023-10-28','N','2023-07-03 15:30:57','2023-07-03 15:30:57'),(1467,21,'2023-10-27','H','2023-07-03 15:30:57','2023-07-03 15:30:57'),(1466,21,'2023-10-26','H','2023-07-03 15:30:57','2023-07-03 15:30:57'),(1465,21,'2023-10-25','H','2023-07-03 15:30:57','2023-07-03 15:30:57'),(1464,21,'2023-10-24','H','2023-07-03 15:30:57','2023-07-03 15:30:57'),(1463,21,'2023-10-23','H','2023-07-03 15:30:57','2023-07-03 15:30:57'),(1462,21,'2023-10-22','N','2023-07-03 15:30:57','2023-07-03 15:30:57'),(1461,21,'2023-10-21','N','2023-07-03 15:30:57','2023-07-03 15:30:57'),(1460,21,'2023-10-20','H','2023-07-03 15:30:57','2023-07-03 15:30:57'),(1459,21,'2023-10-19','H','2023-07-03 15:30:57','2023-07-03 15:30:57'),(1458,21,'2023-10-18','H','2023-07-03 15:30:57','2023-07-03 15:30:57'),(1457,21,'2023-10-17','H','2023-07-03 15:30:57','2023-07-03 15:30:57'),(1456,21,'2023-10-16','H','2023-07-03 15:30:57','2023-07-03 15:30:57'),(1455,21,'2023-10-15','N','2023-07-03 15:30:57','2023-07-03 15:30:57'),(1454,21,'2023-10-14','N','2023-07-03 15:30:57','2023-07-03 15:30:57'),(1453,21,'2023-10-13','H','2023-07-03 15:30:57','2023-07-03 15:30:57'),(1452,21,'2023-10-12','N','2023-07-03 15:30:57','2023-07-03 15:30:57'),(1451,21,'2023-10-11','H','2023-07-03 15:30:57','2023-07-03 15:30:57'),(1450,21,'2023-10-10','H','2023-07-03 15:30:57','2023-07-03 15:30:57'),(1449,21,'2023-10-09','H','2023-07-03 15:30:57','2023-07-03 15:30:57'),(1448,21,'2023-10-08','N','2023-07-03 15:30:57','2023-07-03 15:30:57'),(1447,21,'2023-10-07','N','2023-07-03 15:30:57','2023-07-03 15:30:57'),(1446,21,'2023-10-06','H','2023-07-03 15:30:57','2023-07-03 15:30:57'),(1445,21,'2023-10-05','H','2023-07-03 15:30:57','2023-07-03 15:30:57'),(1444,21,'2023-10-04','H','2023-07-03 15:30:57','2023-07-03 15:30:57'),(1443,21,'2023-10-03','H','2023-07-03 15:30:57','2023-07-03 15:30:57'),(1442,21,'2023-10-02','H','2023-07-03 15:30:57','2023-07-03 15:30:57'),(1441,21,'2023-10-01','N','2023-07-03 15:30:57','2023-07-03 15:30:57'),(1440,21,'2023-09-30','N','2023-07-03 15:30:57','2023-07-03 15:30:57'),(1439,21,'2023-09-29','H','2023-07-03 15:30:57','2023-07-03 15:30:57'),(1438,21,'2023-09-28','H','2023-07-03 15:30:57','2023-07-03 15:30:57'),(1437,21,'2023-09-27','H','2023-07-03 15:30:57','2023-07-03 15:30:57'),(1436,21,'2023-09-26','H','2023-07-03 15:30:57','2023-07-03 15:30:57'),(1435,21,'2023-09-25','H','2023-07-03 15:30:57','2023-07-03 15:30:57'),(1434,21,'2023-09-24','N','2023-07-03 15:30:57','2023-07-03 15:30:57'),(1433,21,'2023-09-23','N','2023-07-03 15:30:57','2023-07-03 15:30:57'),(1432,21,'2023-09-22','H','2023-07-03 15:30:57','2023-07-03 15:30:57'),(1431,21,'2023-09-21','H','2023-07-03 15:30:57','2023-07-03 15:30:57'),(1430,21,'2023-09-20','H','2023-07-03 15:30:57','2023-07-03 15:30:57'),(1429,21,'2023-09-19','H','2023-07-03 15:30:57','2023-07-03 15:30:57'),(1428,21,'2023-09-18','H','2023-07-03 15:30:57','2023-07-03 15:30:57'),(1427,21,'2023-09-17','N','2023-07-03 15:30:57','2023-07-03 15:30:57'),(1426,21,'2023-09-16','N','2023-07-03 15:30:57','2023-07-03 15:30:57'),(1425,21,'2023-09-15','H','2023-07-03 15:30:57','2023-07-03 15:30:57'),(1424,21,'2023-09-14','H','2023-07-03 15:30:57','2023-07-03 15:30:57'),(1423,21,'2023-09-13','H','2023-07-03 15:30:57','2023-07-03 15:30:57'),(1422,21,'2023-09-12','H','2023-07-03 15:30:57','2023-07-03 15:30:57'),(1421,21,'2023-09-11','H','2023-07-03 15:30:57','2023-07-03 15:30:57'),(1420,21,'2023-09-10','N','2023-07-03 15:30:57','2023-07-03 15:30:57'),(1419,21,'2023-09-09','N','2023-07-03 15:30:57','2023-07-03 15:30:57'),(1418,21,'2023-09-08','H','2023-07-03 15:30:57','2023-07-03 15:30:57'),(1417,21,'2023-09-07','H','2023-07-03 15:30:57','2023-07-03 15:30:57'),(1416,21,'2023-09-06','H','2023-07-03 15:30:57','2023-07-03 15:30:57'),(1415,21,'2023-09-05','H','2023-07-03 15:30:57','2023-07-03 15:30:57'),(1414,21,'2023-09-04','H','2023-07-03 15:30:57','2023-07-03 15:30:57'),(1413,21,'2023-09-03','N','2023-07-03 15:30:57','2023-07-03 15:30:57'),(1412,21,'2023-09-02','N','2023-07-03 15:30:57','2023-07-03 15:30:57'),(1411,21,'2023-09-01','H','2023-07-03 15:30:57','2023-07-03 15:30:57'),(1410,21,'2023-08-31','H','2023-07-03 15:30:57','2023-07-03 15:30:57'),(1409,21,'2023-08-30','H','2023-07-03 15:30:57','2023-07-03 15:30:57'),(1408,21,'2023-08-29','H','2023-07-03 15:30:57','2023-07-03 15:30:57'),(1407,21,'2023-08-28','H','2023-07-03 15:30:57','2023-07-03 15:30:57'),(1406,21,'2023-08-27','N','2023-07-03 15:30:57','2023-07-03 15:30:57'),(1405,21,'2023-08-26','N','2023-07-03 15:30:57','2023-07-03 15:30:57'),(1404,21,'2023-08-25','H','2023-07-03 15:30:57','2023-07-03 15:30:57'),(1403,21,'2023-08-24','H','2023-07-03 15:30:57','2023-07-03 15:30:57'),(1402,21,'2023-08-23','H','2023-07-03 15:30:57','2023-07-03 15:30:57'),(1401,21,'2023-08-22','H','2023-07-03 15:30:57','2023-07-03 15:30:57'),(1400,21,'2023-08-21','H','2023-07-03 15:30:57','2023-07-03 15:30:57'),(1399,21,'2023-08-20','N','2023-07-03 15:30:57','2023-07-03 15:30:57'),(1398,21,'2023-08-19','N','2023-07-03 15:30:57','2023-07-03 15:30:57'),(1397,21,'2023-08-18','H','2023-07-03 15:30:57','2023-07-03 15:30:57'),(1396,21,'2023-08-17','H','2023-07-03 15:30:57','2023-07-03 15:30:57'),(1395,21,'2023-08-16','H','2023-07-03 15:30:57','2023-07-03 15:30:57'),(1394,21,'2023-08-15','H','2023-07-03 15:30:57','2023-07-03 15:30:57'),(1393,21,'2023-08-14','H','2023-07-03 15:30:57','2023-07-03 15:30:57'),(1392,21,'2023-08-13','N','2023-07-03 15:30:57','2023-07-03 15:30:57'),(1391,21,'2023-08-12','N','2023-07-03 15:30:57','2023-07-03 15:30:57'),(1390,21,'2023-08-11','H','2023-07-03 15:30:57','2023-07-03 15:30:57'),(1389,21,'2023-08-10','H','2023-07-03 15:30:57','2023-07-03 15:30:57'),(1388,21,'2023-08-09','H','2023-07-03 15:30:57','2023-07-03 15:30:57'),(1387,21,'2023-08-08','H','2023-07-03 15:30:57','2023-07-03 15:30:57'),(1386,21,'2023-08-07','N','2023-07-03 15:30:57','2023-07-03 15:30:57'),(1385,21,'2023-08-06','N','2023-07-03 15:30:57','2023-07-03 15:30:57'),(1384,21,'2023-08-05','N','2023-07-03 15:30:57','2023-07-03 15:30:57'),(1383,21,'2023-08-04','H','2023-07-03 15:30:57','2023-07-03 15:30:57'),(1382,21,'2023-08-03','H','2023-07-03 15:30:57','2023-07-03 15:30:57'),(1381,21,'2023-08-02','H','2023-07-03 15:30:57','2023-07-03 15:30:57'),(1380,21,'2023-08-01','H','2023-07-03 15:30:57','2023-07-03 15:30:57'),(1379,21,'2023-07-31','H','2023-07-03 15:30:57','2023-07-03 15:30:57'),(1378,21,'2023-07-30','N','2023-07-03 15:30:57','2023-07-03 15:30:57'),(1377,21,'2023-07-29','N','2023-07-03 15:30:57','2023-07-03 15:30:57'),(1376,21,'2023-07-28','H','2023-07-03 15:30:57','2023-07-03 15:30:57'),(1375,21,'2023-07-27','H','2023-07-03 15:30:57','2023-07-03 15:30:57'),(1374,21,'2023-07-26','H','2023-07-03 15:30:57','2023-07-03 15:30:57'),(1373,21,'2023-07-25','H','2023-07-03 15:30:57','2023-07-03 15:30:57'),(1372,21,'2023-07-24','H','2023-07-03 15:30:57','2023-07-03 15:30:57'),(1371,21,'2023-07-23','N','2023-07-03 15:30:57','2023-07-03 15:30:57'),(1370,21,'2023-07-22','N','2023-07-03 15:30:57','2023-07-03 15:30:57'),(1369,21,'2023-07-21','H','2023-07-03 15:30:57','2023-07-03 15:30:57'),(1368,21,'2023-07-20','N','2023-07-03 15:30:57','2023-07-03 15:30:57'),(1367,21,'2023-07-19','H','2023-07-03 15:30:57','2023-07-03 15:30:57'),(1366,21,'2023-07-18','H','2023-07-03 15:30:57','2023-07-03 15:30:57'),(1365,21,'2023-07-17','H','2023-07-03 15:30:57','2023-07-03 15:30:57'),(1364,21,'2023-07-16','N','2023-07-03 15:30:57','2023-07-03 15:30:57'),(1363,21,'2023-07-15','N','2023-07-03 15:30:57','2023-07-03 15:30:57'),(1362,21,'2023-07-14','H','2023-07-03 15:30:57','2023-07-03 15:30:57'),(1361,21,'2023-07-13','H','2023-07-03 15:30:57','2023-07-03 15:30:57'),(1360,21,'2023-07-12','H','2023-07-03 15:30:57','2023-07-03 15:30:57'),(1359,21,'2023-07-11','H','2023-07-03 15:30:57','2023-07-03 15:30:57'),(1358,21,'2023-07-10','H','2023-07-03 15:30:57','2023-07-03 15:30:57'),(1357,21,'2023-07-09','N','2023-07-03 15:30:57','2023-07-03 15:30:57'),(1356,21,'2023-07-08','N','2023-07-03 15:30:57','2023-07-03 15:30:57'),(1355,21,'2023-07-07','H','2023-07-03 15:30:57','2023-07-03 15:30:57'),(1354,21,'2023-07-06','H','2023-07-03 15:30:57','2023-07-03 15:30:57'),(1353,21,'2023-07-05','H','2023-07-03 15:30:57','2023-07-03 15:30:57'),(1352,21,'2023-07-04','H','2023-07-03 15:30:57','2023-07-03 15:30:57'),(1351,21,'2023-07-03','H','2023-07-03 15:30:57','2023-07-03 15:30:57'),(1350,21,'2023-07-02','N','2023-07-03 15:30:57','2023-07-03 15:30:57'),(1349,21,'2023-07-01','N','2023-07-03 15:30:57','2023-07-03 15:30:57'),(1348,21,'2023-06-30','H','2023-07-03 15:30:57','2023-07-03 15:30:57'),(1347,21,'2023-06-29','H','2023-07-03 15:30:57','2023-07-03 15:30:57'),(1346,21,'2023-06-28','H','2023-07-03 15:30:57','2023-07-03 15:30:57'),(1345,21,'2023-06-27','H','2023-07-03 15:30:57','2023-07-03 15:30:57'),(1344,21,'2023-06-26','H','2023-07-03 15:30:57','2023-07-03 15:30:57'),(1343,21,'2023-06-25','N','2023-07-03 15:30:57','2023-07-03 15:30:57'),(1342,21,'2023-06-24','N','2023-07-03 15:30:57','2023-07-03 15:30:57'),(1341,21,'2023-06-23','H','2023-07-03 15:30:57','2023-07-03 15:30:57'),(1340,21,'2023-06-22','H','2023-07-03 15:30:57','2023-07-03 15:30:57'),(1339,21,'2023-06-21','H','2023-07-03 15:30:57','2023-07-03 15:30:57'),(1338,21,'2023-06-20','H','2023-07-03 15:30:57','2023-07-03 15:30:57'),(1337,21,'2023-06-19','H','2023-07-03 15:30:57','2023-07-03 15:30:57'),(1336,21,'2023-06-18','N','2023-07-03 15:30:57','2023-07-03 15:30:57'),(1335,21,'2023-06-17','N','2023-07-03 15:30:57','2023-07-03 15:30:57'),(1334,21,'2023-06-16','H','2023-07-03 15:30:57','2023-07-03 15:30:57'),(1333,21,'2023-06-15','H','2023-07-03 15:30:57','2023-07-03 15:30:57'),(1332,21,'2023-06-14','H','2023-07-03 15:30:57','2023-07-03 15:30:57'),(1331,21,'2023-06-13','H','2023-07-03 15:30:57','2023-07-03 15:30:57'),(1330,21,'2023-06-12','H','2023-07-03 15:30:57','2023-07-03 15:30:57'),(1329,21,'2023-06-11','N','2023-07-03 15:30:57','2023-07-03 15:30:57'),(1328,21,'2023-06-10','N','2023-07-03 15:30:57','2023-07-03 15:30:57'),(1327,21,'2023-06-09','H','2023-07-03 15:30:57','2023-07-03 15:30:57'),(1326,21,'2023-06-08','H','2023-07-03 15:30:57','2023-07-03 15:30:57'),(1325,21,'2023-06-07','H','2023-07-03 15:30:57','2023-07-03 15:30:57'),(1324,21,'2023-06-06','H','2023-07-03 15:30:57','2023-07-03 15:30:57'),(1323,21,'2023-06-05','H','2023-07-03 15:30:57','2023-07-03 15:30:57'),(1322,21,'2023-06-04','N','2023-07-03 15:30:57','2023-07-03 15:30:57'),(1321,21,'2023-06-03','N','2023-07-03 15:30:57','2023-07-03 15:30:57'),(1320,21,'2023-06-02','H','2023-07-03 15:30:57','2023-07-03 15:30:57'),(1319,21,'2023-06-01','H','2023-07-03 15:30:57','2023-07-03 15:30:57'),(1318,21,'2023-05-31','H','2023-07-03 15:30:57','2023-07-03 15:30:57'),(1317,21,'2023-05-30','H','2023-07-03 15:30:57','2023-07-03 15:30:57'),(1316,21,'2023-05-29','H','2023-07-03 15:30:57','2023-07-03 15:30:57'),(1315,21,'2023-05-28','N','2023-07-03 15:30:57','2023-07-03 15:30:57'),(1314,21,'2023-05-27','N','2023-07-03 15:30:57','2023-07-03 15:30:57'),(1313,21,'2023-05-26','H','2023-07-03 15:30:57','2023-07-03 15:30:57'),(1312,21,'2023-05-25','H','2023-07-03 15:30:57','2023-07-03 15:30:57'),(1311,21,'2023-05-24','H','2023-07-03 15:30:57','2023-07-03 15:30:57'),(1310,21,'2023-05-23','H','2023-07-03 15:30:57','2023-07-03 15:30:57'),(1309,21,'2023-05-22','H','2023-07-03 15:30:57','2023-07-03 15:30:57'),(1308,21,'2023-05-21','N','2023-07-03 15:30:57','2023-07-03 15:30:57'),(1307,21,'2023-05-20','N','2023-07-03 15:30:57','2023-07-03 15:30:57'),(1306,21,'2023-05-19','H','2023-07-03 15:30:57','2023-07-03 15:30:57'),(1305,21,'2023-05-18','H','2023-07-03 15:30:57','2023-07-03 15:30:57'),(1304,21,'2023-05-17','H','2023-07-03 15:30:57','2023-07-03 15:30:57'),(1303,21,'2023-05-16','H','2023-07-03 15:30:57','2023-07-03 15:30:57'),(1302,21,'2023-05-15','H','2023-07-03 15:30:57','2023-07-03 15:30:57'),(1301,21,'2023-05-14','N','2023-07-03 15:30:57','2023-07-03 15:30:57'),(1300,21,'2023-05-13','N','2023-07-03 15:30:57','2023-07-03 15:30:57'),(1299,21,'2023-05-12','H','2023-07-03 15:30:57','2023-07-03 15:30:57'),(1298,21,'2023-05-11','H','2023-07-03 15:30:57','2023-07-03 15:30:57'),(1297,21,'2023-05-10','H','2023-07-03 15:30:57','2023-07-03 15:30:57'),(1296,21,'2023-05-09','H','2023-07-03 15:30:57','2023-07-03 15:30:57'),(1295,21,'2023-05-08','H','2023-07-03 15:30:57','2023-07-03 15:30:57'),(1294,21,'2023-05-07','N','2023-07-03 15:30:57','2023-07-03 15:30:57'),(1293,21,'2023-05-06','N','2023-07-03 15:30:57','2023-07-03 15:30:57'),(1292,21,'2023-05-05','H','2023-07-03 15:30:57','2023-07-03 15:30:57'),(1291,21,'2023-05-04','H','2023-07-03 15:30:57','2023-07-03 15:30:57'),(1290,21,'2023-05-03','H','2023-07-03 15:30:57','2023-07-03 15:30:57'),(1289,21,'2023-05-02','H','2023-07-03 15:30:57','2023-07-03 15:30:57'),(1288,21,'2023-05-01','N','2023-07-03 15:30:57','2023-07-03 15:30:57'),(1287,21,'2023-04-30','N','2023-07-03 15:30:57','2023-07-03 15:30:57'),(1286,21,'2023-04-29','N','2023-07-03 15:30:57','2023-07-03 15:30:57'),(1285,21,'2023-04-28','H','2023-07-03 15:30:57','2023-07-03 15:30:57'),(1284,21,'2023-04-27','H','2023-07-03 15:30:57','2023-07-03 15:30:57'),(1283,21,'2023-04-26','H','2023-07-03 15:30:57','2023-07-03 15:30:57'),(1282,21,'2023-04-25','H','2023-07-03 15:30:57','2023-07-03 15:30:57'),(1281,21,'2023-04-24','H','2023-07-03 15:30:57','2023-07-03 15:30:57'),(1280,21,'2023-04-23','N','2023-07-03 15:30:57','2023-07-03 15:30:57'),(1279,21,'2023-04-22','N','2023-07-03 15:30:57','2023-07-03 15:30:57'),(1278,21,'2023-04-21','H','2023-07-03 15:30:57','2023-07-03 15:30:57'),(1277,21,'2023-04-20','H','2023-07-03 15:30:57','2023-07-03 15:30:57'),(1276,21,'2023-04-19','H','2023-07-03 15:30:57','2023-07-03 15:30:57'),(1275,21,'2023-04-18','H','2023-07-03 15:30:57','2023-07-03 15:30:57'),(1274,21,'2023-04-17','H','2023-07-03 15:30:57','2023-07-03 15:30:57'),(1273,21,'2023-04-16','N','2023-07-03 15:30:57','2023-07-03 15:30:57'),(1272,21,'2023-04-15','N','2023-07-03 15:30:57','2023-07-03 15:30:57'),(1271,21,'2023-04-14','H','2023-07-03 15:30:57','2023-07-03 15:30:57'),(1270,21,'2023-04-13','H','2023-07-03 15:30:57','2023-07-03 15:30:57'),(1269,21,'2023-04-12','H','2023-07-03 15:30:57','2023-07-03 15:30:57'),(1268,21,'2023-04-11','H','2023-07-03 15:30:57','2023-07-03 15:30:57'),(1267,21,'2023-04-10','H','2023-07-03 15:30:57','2023-07-03 15:30:57'),(1266,21,'2023-04-09','N','2023-07-03 15:30:57','2023-07-03 15:30:57'),(1265,21,'2023-04-08','N','2023-07-03 15:30:57','2023-07-03 15:30:57'),(1264,21,'2023-04-07','H','2023-07-03 15:30:57','2023-07-03 15:30:57'),(1263,21,'2023-04-06','H','2023-07-03 15:30:57','2023-07-03 15:30:57'),(1262,21,'2023-04-05','H','2023-07-03 15:30:57','2023-07-03 15:30:57'),(1261,21,'2023-04-04','H','2023-07-03 15:30:57','2023-07-03 15:30:57'),(1260,21,'2023-04-03','H','2023-07-03 15:30:57','2023-07-03 15:30:57'),(1259,21,'2023-04-02','N','2023-07-03 15:30:57','2023-07-03 15:30:57'),(1258,21,'2023-04-01','N','2023-07-03 15:30:57','2023-07-03 15:30:57'),(1257,21,'2023-03-31','H','2023-07-03 15:30:57','2023-07-03 15:30:57'),(1256,21,'2023-03-30','H','2023-07-03 15:30:57','2023-07-03 15:30:57'),(1255,21,'2023-03-29','H','2023-07-03 15:30:57','2023-07-03 15:30:57'),(1254,21,'2023-03-28','H','2023-07-03 15:30:57','2023-07-03 15:30:57'),(1253,21,'2023-03-27','H','2023-07-03 15:30:57','2023-07-03 15:30:57'),(1252,21,'2023-03-26','N','2023-07-03 15:30:57','2023-07-03 15:30:57'),(1251,21,'2023-03-25','N','2023-07-03 15:30:57','2023-07-03 15:30:57'),(1250,21,'2023-03-24','H','2023-07-03 15:30:57','2023-07-03 15:30:57'),(1249,21,'2023-03-23','H','2023-07-03 15:30:57','2023-07-03 15:30:57'),(1248,21,'2023-03-22','H','2023-07-03 15:30:57','2023-07-03 15:30:57'),(1247,21,'2023-03-21','H','2023-07-03 15:30:57','2023-07-03 15:30:57'),(1246,21,'2023-03-20','H','2023-07-03 15:30:57','2023-07-03 15:30:57'),(1245,21,'2023-03-19','N','2023-07-03 15:30:57','2023-07-03 15:30:57'),(1244,21,'2023-03-18','N','2023-07-03 15:30:57','2023-07-03 15:30:57'),(1243,21,'2023-03-17','H','2023-07-03 15:30:57','2023-07-03 15:30:57'),(1242,21,'2023-03-16','H','2023-07-03 15:30:57','2023-07-03 15:30:57'),(1241,21,'2023-03-15','H','2023-07-03 15:30:57','2023-07-03 15:30:57'),(1240,21,'2023-03-14','H','2023-07-03 15:30:57','2023-07-03 15:30:57'),(1239,21,'2023-03-13','H','2023-07-03 15:30:57','2023-07-03 15:30:57'),(1238,21,'2023-03-12','N','2023-07-03 15:30:57','2023-07-03 15:30:57'),(1237,21,'2023-03-11','N','2023-07-03 15:30:57','2023-07-03 15:30:57'),(1236,21,'2023-03-10','H','2023-07-03 15:30:57','2023-07-03 15:30:57'),(1235,21,'2023-03-09','H','2023-07-03 15:30:57','2023-07-03 15:30:57'),(1234,21,'2023-03-08','H','2023-07-03 15:30:57','2023-07-03 15:30:57'),(1233,21,'2023-03-07','H','2023-07-03 15:30:57','2023-07-03 15:30:57'),(1232,21,'2023-03-06','H','2023-07-03 15:30:57','2023-07-03 15:30:57'),(1231,21,'2023-03-05','N','2023-07-03 15:30:57','2023-07-03 15:30:57'),(1230,21,'2023-03-04','N','2023-07-03 15:30:57','2023-07-03 15:30:57'),(1229,21,'2023-03-03','H','2023-07-03 15:30:57','2023-07-03 15:30:57'),(1228,21,'2023-03-02','H','2023-07-03 15:30:57','2023-07-03 15:30:57'),(1227,21,'2023-03-01','H','2023-07-03 15:30:57','2023-07-03 15:30:57'),(1226,21,'2023-02-28','H','2023-07-03 15:30:57','2023-07-03 15:30:57'),(1225,21,'2023-02-27','H','2023-07-03 15:30:57','2023-07-03 15:30:57'),(1224,21,'2023-02-26','N','2023-07-03 15:30:57','2023-07-03 15:30:57'),(1223,21,'2023-02-25','N','2023-07-03 15:30:57','2023-07-03 15:30:57'),(1222,21,'2023-02-24','H','2023-07-03 15:30:57','2023-07-03 15:30:57'),(1221,21,'2023-02-23','H','2023-07-03 15:30:57','2023-07-03 15:30:57'),(1220,21,'2023-02-22','H','2023-07-03 15:30:57','2023-07-03 15:30:57'),(1219,21,'2023-02-21','H','2023-07-03 15:30:57','2023-07-03 15:30:57'),(1218,21,'2023-02-20','H','2023-07-03 15:30:57','2023-07-03 15:30:57'),(1217,21,'2023-02-19','N','2023-07-03 15:30:57','2023-07-03 15:30:57'),(1216,21,'2023-02-18','N','2023-07-03 15:30:57','2023-07-03 15:30:57'),(1215,21,'2023-02-17','H','2023-07-03 15:30:57','2023-07-03 15:30:57'),(1214,21,'2023-02-16','H','2023-07-03 15:30:57','2023-07-03 15:30:57'),(1213,21,'2023-02-15','H','2023-07-03 15:30:57','2023-07-03 15:30:57'),(1212,21,'2023-02-14','H','2023-07-03 15:30:57','2023-07-03 15:30:57'),(1211,21,'2023-02-13','H','2023-07-03 15:30:57','2023-07-03 15:30:57'),(1210,21,'2023-02-12','N','2023-07-03 15:30:57','2023-07-03 15:30:57'),(1209,21,'2023-02-11','N','2023-07-03 15:30:57','2023-07-03 15:30:57'),(1208,21,'2023-02-10','H','2023-07-03 15:30:57','2023-07-03 15:30:57'),(1207,21,'2023-02-09','H','2023-07-03 15:30:57','2023-07-03 15:30:57'),(1206,21,'2023-02-08','H','2023-07-03 15:30:57','2023-07-03 15:30:57'),(1205,21,'2023-02-07','H','2023-07-03 15:30:57','2023-07-03 15:30:57'),(1204,21,'2023-02-06','H','2023-07-03 15:30:57','2023-07-03 15:30:57'),(1203,21,'2023-02-05','N','2023-07-03 15:30:57','2023-07-03 15:30:57'),(1202,21,'2023-02-04','N','2023-07-03 15:30:57','2023-07-03 15:30:57'),(1201,21,'2023-02-03','H','2023-07-03 15:30:57','2023-07-03 15:30:57'),(1200,21,'2023-02-02','H','2023-07-03 15:30:57','2023-07-03 15:30:57'),(1199,21,'2023-02-01','H','2023-07-03 15:30:57','2023-07-03 15:30:57'),(1198,21,'2023-01-31','H','2023-07-03 15:30:57','2023-07-03 15:30:57'),(1197,21,'2023-01-30','H','2023-07-03 15:30:57','2023-07-03 15:30:57'),(1196,21,'2023-01-29','N','2023-07-03 15:30:57','2023-07-03 15:30:57'),(1195,21,'2023-01-28','N','2023-07-03 15:30:57','2023-07-03 15:30:57'),(1194,21,'2023-01-27','H','2023-07-03 15:30:57','2023-07-03 15:30:57'),(1193,21,'2023-01-26','H','2023-07-03 15:30:57','2023-07-03 15:30:57'),(1192,21,'2023-01-25','H','2023-07-03 15:30:57','2023-07-03 15:30:57'),(1191,21,'2023-01-24','H','2023-07-03 15:30:57','2023-07-03 15:30:57'),(1190,21,'2023-01-23','H','2023-07-03 15:30:57','2023-07-03 15:30:57'),(1189,21,'2023-01-22','N','2023-07-03 15:30:57','2023-07-03 15:30:57'),(1188,21,'2023-01-21','N','2023-07-03 15:30:57','2023-07-03 15:30:57'),(1187,21,'2023-01-20','H','2023-07-03 15:30:57','2023-07-03 15:30:57'),(1186,21,'2023-01-19','H','2023-07-03 15:30:57','2023-07-03 15:30:57'),(1185,21,'2023-01-18','H','2023-07-03 15:30:57','2023-07-03 15:30:57'),(1184,21,'2023-01-17','H','2023-07-03 15:30:57','2023-07-03 15:30:57'),(1183,21,'2023-01-16','H','2023-07-03 15:30:57','2023-07-03 15:30:57'),(1182,21,'2023-01-15','N','2023-07-03 15:30:57','2023-07-03 15:30:57'),(1181,21,'2023-01-14','N','2023-07-03 15:30:57','2023-07-03 15:30:57'),(1180,21,'2023-01-13','H','2023-07-03 15:30:57','2023-07-03 15:30:57'),(1179,21,'2023-01-12','H','2023-07-03 15:30:57','2023-07-03 15:30:57'),(1178,21,'2023-01-11','H','2023-07-03 15:30:57','2023-07-03 15:30:57'),(1177,21,'2023-01-10','H','2023-07-03 15:30:57','2023-07-03 15:30:57'),(1176,21,'2023-01-09','H','2023-07-03 15:30:57','2023-07-03 15:30:57'),(1175,21,'2023-01-08','N','2023-07-03 15:30:57','2023-07-03 15:30:57'),(1174,21,'2023-01-07','N','2023-07-03 15:30:57','2023-07-03 15:30:57'),(1173,21,'2023-01-06','H','2023-07-03 15:30:57','2023-07-03 15:30:57'),(1172,21,'2023-01-05','H','2023-07-03 15:30:57','2023-07-03 15:30:57'),(1171,21,'2023-01-04','H','2023-07-03 15:30:57','2023-07-03 15:30:57'),(1170,21,'2023-01-03','H','2023-07-03 15:30:57','2023-07-03 15:30:57'),(1168,21,'2023-01-01','N','2023-07-03 15:30:57','2023-07-03 15:30:57');
/*!40000 ALTER TABLE `dias_habiles` ENABLE KEYS */;
UNLOCK TABLES;

--
-- Table structure for table `embargos`
--

DROP TABLE IF EXISTS `embargos`;
/*!40101 SET @saved_cs_client     = @@character_set_client */;
/*!50503 SET character_set_client = utf8mb4 */;
CREATE TABLE `embargos` (
  `id` int(11) NOT NULL AUTO_INCREMENT,
  `emb_idEmpresa` int(11) DEFAULT NULL,
  `emb_idEmpleado` int(11) DEFAULT NULL,
  `emb_idTercero` int(11) DEFAULT NULL,
  `emb_valorCuota` decimal(12,2) DEFAULT NULL,
  `emb_valorTotal` decimal(12,2) DEFAULT NULL,
  `emb_estado` char(1) COLLATE utf8mb4_unicode_ci DEFAULT NULL,
  `created_at` timestamp NULL DEFAULT NULL,
  `updated_at` timestamp NULL DEFAULT NULL,
  PRIMARY KEY (`id`)
) ENGINE=InnoDB AUTO_INCREMENT=10 DEFAULT CHARSET=utf8mb4 COLLATE=utf8mb4_unicode_ci;
/*!40101 SET character_set_client = @saved_cs_client */;

--
-- Dumping data for table `embargos`
--

LOCK TABLES `embargos` WRITE;
/*!40000 ALTER TABLE `embargos` DISABLE KEYS */;
INSERT INTO `embargos` VALUES (7,21,2,61,125000.00,0.00,'A','2023-01-01 05:00:00','2023-12-31 05:00:00'),(8,21,2,61,50000.00,99999999.00,'A','2023-06-09 06:54:50','2023-06-09 06:54:50'),(9,21,1,61,50000.00,99999999.00,'A','2023-06-09 07:19:41','2023-06-09 07:19:41');
/*!40000 ALTER TABLE `embargos` ENABLE KEYS */;
UNLOCK TABLES;

--
-- Table structure for table `empleados`
--

DROP TABLE IF EXISTS `empleados`;
/*!40101 SET @saved_cs_client     = @@character_set_client */;
/*!50503 SET character_set_client = utf8mb4 */;
CREATE TABLE `empleados` (
  `id` int(11) NOT NULL AUTO_INCREMENT,
  `empl_idEmpresa` int(11) DEFAULT NULL,
  `empl_primerNombre` varchar(45) COLLATE utf8mb4_spanish_ci DEFAULT NULL,
  `empl_otroNombre` varchar(45) COLLATE utf8mb4_spanish_ci DEFAULT NULL,
  `empl_primerApellido` varchar(45) COLLATE utf8mb4_spanish_ci DEFAULT NULL,
  `empl_otroApellido` varchar(45) COLLATE utf8mb4_spanish_ci DEFAULT NULL,
  `empl_tipodoc` char(1) COLLATE utf8mb4_spanish_ci DEFAULT NULL,
  `empl_nrodoc` varchar(20) COLLATE utf8mb4_spanish_ci DEFAULT NULL,
  `empl_codigo` varchar(10) COLLATE utf8mb4_spanish_ci DEFAULT NULL,
  `empl_email` varchar(100) COLLATE utf8mb4_spanish_ci DEFAULT NULL,
  `empl_telefono` varchar(25) COLLATE utf8mb4_spanish_ci DEFAULT NULL,
  `empl_direccion` varchar(60) COLLATE utf8mb4_spanish_ci DEFAULT NULL,
  `empl_ciudad` varchar(45) COLLATE utf8mb4_spanish_ci DEFAULT NULL,
  `empl_fechaIngreso` date DEFAULT NULL,
  `empl_fechaRetiro` date DEFAULT NULL,
  `empl_estado` char(1) COLLATE utf8mb4_spanish_ci DEFAULT NULL,
  `created_at` timestamp NULL DEFAULT NULL,
  `updated_at` timestamp NULL DEFAULT NULL,
  PRIMARY KEY (`id`)
) ENGINE=InnoDB AUTO_INCREMENT=9 DEFAULT CHARSET=utf8mb4 COLLATE=utf8mb4_spanish_ci;
/*!40101 SET character_set_client = @saved_cs_client */;

--
-- Dumping data for table `empleados`
--

LOCK TABLES `empleados` WRITE;
/*!40000 ALTER TABLE `empleados` DISABLE KEYS */;
INSERT INTO `empleados` VALUES (1,21,'JUAN','PABLO','RUIZ','KNIGHT','A','3455','001','alvaro.oycsoft@gmail.com','4555','Cra44','BOGOTA','2023-06-03','2024-06-30','A','2023-06-05 03:17:43','2023-06-09 01:32:36'),(2,21,'ROSA','TULIA','VARGAS','RIOS','A','45666','002','rosa@com.co','5444','Cra 23 · 76-22','Suba','2023-06-09','2023-06-27','A','2023-06-05 04:30:31','2023-06-05 04:30:31'),(3,21,'Carlos','Javier','Mendoza','Lopez','A','456','A2','cj@mi.com','1123','cra 2','CHIA','2023-01-01','3099-01-01','A','2023-06-21 23:57:46','2023-06-21 23:57:46'),(4,21,'Juan','José','Pinilla','Rodriguez','C','12354','1','JuanPinilla@mia.com','311','cra 33','Buga','2022-09-11','2099-01-01','A','2023-06-22 02:11:10','2023-06-22 02:11:10'),(5,21,'Camila','Loranda','Casas','Peña','A','43535','2','CamilaCasas@mia.com','456','av 4','Buga','1021-06-15','2099-01-01','A','2023-06-22 02:11:10','2023-07-19 01:47:25'),(6,21,'Rosalba','Flor','Jimienez','Cruz','C','678678','3','RosalbaJimienez@mia.com','345345','Cl 34','Buga','2021-04-05','2099-01-01','A','2023-06-22 02:11:10','2023-06-22 02:11:10'),(7,21,'Manuel',NULL,'Pérez','castillo','C','554434','23','mperez@cia.com','0988','cl 56','Bogotá','2021-01-01','2099-12-31','A','2021-01-01 05:00:00','2021-01-01 05:00:00'),(8,21,'Carmiña','Stella','Casallas','Mora','A','554434','23','cecasallas@cia.com','0988','cl 56','Bogotá','2021-01-01',NULL,'A','2021-01-01 05:00:00','2023-07-04 22:59:41');
/*!40000 ALTER TABLE `empleados` ENABLE KEYS */;
UNLOCK TABLES;

--
-- Table structure for table `empresas`
--

DROP TABLE IF EXISTS `empresas`;
/*!40101 SET @saved_cs_client     = @@character_set_client */;
/*!50503 SET character_set_client = utf8mb4 */;
CREATE TABLE `empresas` (
  `id` bigint(20) unsigned NOT NULL AUTO_INCREMENT,
  `em_nombre` varchar(100) COLLATE utf8mb4_unicode_ci NOT NULL,
  `em_direccion` varchar(100) COLLATE utf8mb4_unicode_ci NOT NULL,
  `em_ciudad` varchar(100) COLLATE utf8mb4_unicode_ci NOT NULL,
  `em_tipodoc` varchar(1) COLLATE utf8mb4_unicode_ci NOT NULL,
  `em_nrodoc` varchar(10) COLLATE utf8mb4_unicode_ci NOT NULL,
  `em_telefono` varchar(50) COLLATE utf8mb4_unicode_ci NOT NULL,
  `em_email` varchar(100) COLLATE utf8mb4_unicode_ci NOT NULL,
  `em_observaciones` varchar(128) COLLATE utf8mb4_unicode_ci NOT NULL,
  `em_fchini` date NOT NULL,
  `em_fchfin` date NOT NULL,
  `em_estado` varchar(1) COLLATE utf8mb4_unicode_ci NOT NULL,
  `created_at` timestamp NULL DEFAULT NULL,
  `updated_at` timestamp NULL DEFAULT NULL,
  PRIMARY KEY (`id`)
) ENGINE=InnoDB AUTO_INCREMENT=23 DEFAULT CHARSET=utf8mb4 COLLATE=utf8mb4_unicode_ci;
/*!40101 SET character_set_client = @saved_cs_client */;

--
-- Dumping data for table `empresas`
--

LOCK TABLES `empresas` WRITE;
/*!40000 ALTER TABLE `empresas` DISABLE KEYS */;
INSERT INTO `empresas` VALUES (21,'MI COLOMBIANA DE PRUEBAS SAS','Carrera 44','Cali','N','900500600','311454545','empre@city.com','Empresa para pruebas','2023-05-11','2023-05-20','A','2023-05-15 05:56:15','2023-06-16 21:21:05'),(22,'EMPRESA COLOBIANA DE PRUEBAS SAS','Cra 15 Nr 45-12','444','E','12233344','3174142133','alvaro.oycsoft@gmail.com','f','2023-05-11','2023-05-26','A','2023-05-15 06:20:00','2023-05-22 23:42:26');
/*!40000 ALTER TABLE `empresas` ENABLE KEYS */;
UNLOCK TABLES;

--
-- Table structure for table `horas_extras`
--

DROP TABLE IF EXISTS `horas_extras`;
/*!40101 SET @saved_cs_client     = @@character_set_client */;
/*!50503 SET character_set_client = utf8mb4 */;
CREATE TABLE `horas_extras` (
  `id` int(11) NOT NULL AUTO_INCREMENT,
  `hex_idEmpresa` int(11) DEFAULT NULL,
  `hex_idEmpleado` int(11) DEFAULT NULL,
  `hex_periodo` char(6) COLLATE utf8mb4_unicode_ci DEFAULT NULL,
  `hex_diurnas` int(11) DEFAULT NULL,
  `hex_nocturnas` int(11) DEFAULT NULL,
  `hex_festivasDiurna` int(11) DEFAULT NULL,
  `hex_festivasNocturna` int(11) DEFAULT NULL,
  `hex_estado` char(1) COLLATE utf8mb4_unicode_ci DEFAULT NULL,
  `created_at` timestamp NULL DEFAULT NULL,
  `updated_at` timestamp NULL DEFAULT NULL,
  PRIMARY KEY (`id`)
) ENGINE=InnoDB AUTO_INCREMENT=10 DEFAULT CHARSET=utf8mb4 COLLATE=utf8mb4_unicode_ci;
/*!40101 SET character_set_client = @saved_cs_client */;

--
-- Dumping data for table `horas_extras`
--

LOCK TABLES `horas_extras` WRITE;
/*!40000 ALTER TABLE `horas_extras` DISABLE KEYS */;
INSERT INTO `horas_extras` VALUES (7,21,1,'202301',2,2,2,2,'P','2000-01-01 05:00:00','2000-01-01 05:00:00'),(8,21,3,'202301',2,1,0,0,'P','2023-06-10 00:20:52','2023-06-10 00:20:52'),(9,21,4,'202301',5,5,0,0,'P','2023-07-06 06:02:53','2023-07-06 06:02:53');
/*!40000 ALTER TABLE `horas_extras` ENABLE KEYS */;
UNLOCK TABLES;

--
-- Table structure for table `ingresos`
--

DROP TABLE IF EXISTS `ingresos`;
/*!40101 SET @saved_cs_client     = @@character_set_client */;
/*!50503 SET character_set_client = utf8mb4 */;
CREATE TABLE `ingresos` (
  `id` int(11) NOT NULL AUTO_INCREMENT,
  `ing_idEmpresa` int(11) DEFAULT NULL,
  `ing_idEmpleado` int(11) DEFAULT NULL,
  `ing_fechaIngreso` date DEFAULT NULL,
  `ing_fechaRetiro` date DEFAULT NULL,
  `ing_idCargo` int(11) DEFAULT NULL,
  `ing_idDependencia` int(11) DEFAULT NULL,
  `ing_porcARL` double(8,4) DEFAULT NULL,
  `ing_EPS` int(11) DEFAULT NULL,
  `ing_AFP` int(11) DEFAULT NULL,
  `ing_ARL` int(11) DEFAULT NULL,
  `ing_salario` decimal(12,2) DEFAULT NULL,
  `ing_encargo` char(1) COLLATE utf8mb4_unicode_ci DEFAULT NULL,
  `ing_idCargoEncargo` int(11) DEFAULT NULL,
  `ing_numeroContrato` varchar(20) COLLATE utf8mb4_unicode_ci DEFAULT NULL,
  `ing_estado` char(1) COLLATE utf8mb4_unicode_ci DEFAULT NULL,
  `ing_fchUltimaVacacion` date DEFAULT NULL,
  `ing_fchUltimaCesantia` date DEFAULT NULL,
  `ing_banco` int(11) DEFAULT NULL,
  `ing_cuenta` varchar(20) COLLATE utf8mb4_unicode_ci DEFAULT NULL,
  `created_at` timestamp NULL DEFAULT NULL,
  `updated_at` timestamp NULL DEFAULT NULL,
  PRIMARY KEY (`id`)
) ENGINE=InnoDB AUTO_INCREMENT=7 DEFAULT CHARSET=utf8mb4 COLLATE=utf8mb4_unicode_ci;
/*!40101 SET character_set_client = @saved_cs_client */;

--
-- Dumping data for table `ingresos`
--

LOCK TABLES `ingresos` WRITE;
/*!40000 ALTER TABLE `ingresos` DISABLE KEYS */;
INSERT INTO `ingresos` VALUES (1,21,1,'2023-01-01',NULL,10,10,0.0522,2,13,14,0.00,'N',0,'555','A','2023-01-01','2023-01-01',9,'12355','2022-01-01 05:00:00','2023-07-23 20:07:17'),(2,21,2,'2023-01-01',NULL,11,11,0.0522,2,13,14,0.00,'N',0,'6','A','2023-01-01','2023-01-01',9,'12345','2023-06-21 23:43:27','2023-07-23 20:08:06'),(3,21,4,'2023-01-15',NULL,16,11,0.0200,2,13,14,0.00,'N',0,'3','A','2023-01-15','2023-01-15',9,'4555','2023-07-04 22:43:15','2023-07-23 03:46:59'),(4,21,3,'2023-01-01',NULL,18,12,0.0000,2,13,14,0.00,'N',0,'4','A','2023-01-01','2023-01-01',20,'5677','2021-01-01 05:00:00','2021-01-01 05:00:00'),(5,21,5,'2023-01-12',NULL,13,12,0.0000,2,13,14,0.00,'N',0,'4','A','2023-01-12','2023-01-12',30,'0977','2021-01-01 05:00:00','2021-01-01 05:00:00'),(6,21,6,'2023-01-01',NULL,14,12,0.0000,2,13,14,0.00,'N',0,'4','A','2023-01-01','2023-01-01',30,'90540','2021-01-01 05:00:00','2021-01-01 05:00:00');
/*!40000 ALTER TABLE `ingresos` ENABLE KEYS */;
UNLOCK TABLES;

--
-- Table structure for table `licencias`
--

DROP TABLE IF EXISTS `licencias`;
/*!40101 SET @saved_cs_client     = @@character_set_client */;
/*!50503 SET character_set_client = utf8mb4 */;
CREATE TABLE `licencias` (
  `id` int(11) NOT NULL AUTO_INCREMENT,
  `lic_idEmpresa` int(11) DEFAULT NULL,
  `lic_idEmpleado` int(11) DEFAULT NULL,
  `lic_tipo` char(2) COLLATE utf8mb4_unicode_ci DEFAULT NULL,
  `lic_fechainicio` date DEFAULT NULL,
  `lic_fechaFinal` date DEFAULT NULL,
  `lic_estado` char(1) COLLATE utf8mb4_unicode_ci DEFAULT NULL,
  `created_at` timestamp NULL DEFAULT NULL,
  `updated_at` timestamp NULL DEFAULT NULL,
  PRIMARY KEY (`id`)
) ENGINE=MyISAM AUTO_INCREMENT=6 DEFAULT CHARSET=utf8mb4 COLLATE=utf8mb4_unicode_ci;
/*!40101 SET character_set_client = @saved_cs_client */;

--
-- Dumping data for table `licencias`
--

LOCK TABLES `licencias` WRITE;
/*!40000 ALTER TABLE `licencias` DISABLE KEYS */;
INSERT INTO `licencias` VALUES (1,21,2,'MT','2023-06-01','2023-06-05','A','2023-06-17 18:54:25','2023-06-17 18:54:25'),(4,21,1,'ES','2023-06-17','2024-06-30','A','2023-06-17 19:42:10','2023-06-17 19:42:10'),(3,21,1,'ES','2023-06-17','2023-06-30','A','2023-06-17 19:33:02','2023-06-17 19:33:02'),(5,21,4,'NO','2023-07-01','2023-07-05','A','2023-07-05 00:55:20','2023-07-05 00:55:20');
/*!40000 ALTER TABLE `licencias` ENABLE KEYS */;
UNLOCK TABLES;

--
-- Table structure for table `liquidaciones`
--

DROP TABLE IF EXISTS `liquidaciones`;
/*!40101 SET @saved_cs_client     = @@character_set_client */;
/*!50503 SET character_set_client = utf8mb4 */;
CREATE TABLE `liquidaciones` (
  `id` int(11) NOT NULL AUTO_INCREMENT,
  `liq_idEmpresa` int(11) DEFAULT NULL,
  `liq_tipo` char(2) COLLATE utf8mb4_unicode_ci DEFAULT NULL,
  `liq_fechaDesde` date DEFAULT NULL,
  `liq_fechaHasta` date DEFAULT NULL,
  `liq_idEmpleado` int(11) DEFAULT NULL,
  `liq_periodo` char(6) COLLATE utf8mb4_unicode_ci DEFAULT NULL,
  `liq_estado` char(1) COLLATE utf8mb4_unicode_ci DEFAULT NULL,
  `created_at` timestamp NULL DEFAULT NULL,
  `updated_at` timestamp NULL DEFAULT NULL,
  PRIMARY KEY (`id`)
) ENGINE=MyISAM AUTO_INCREMENT=63 DEFAULT CHARSET=utf8mb4 COLLATE=utf8mb4_unicode_ci;
/*!40101 SET character_set_client = @saved_cs_client */;

--
-- Dumping data for table `liquidaciones`
--

LOCK TABLES `liquidaciones` WRITE;
/*!40000 ALTER TABLE `liquidaciones` DISABLE KEYS */;
INSERT INTO `liquidaciones` VALUES (2,21,'LP','2023-01-01','2023-01-30',0,'202211','P',NULL,NULL),(12,21,'LP','2023-01-01','2023-01-30',0,'202300','P','2023-07-20 01:40:54','2023-07-20 01:40:54'),(3,21,'LD','2022-11-01','2022-11-20',6,'202212','C',NULL,NULL),(4,21,'PN','2022-01-01','2022-12-30',0,'202212','C',NULL,NULL),(5,21,'PS','2022-01-01','2022-12-30',0,'202206','C',NULL,NULL),(6,21,'PC','2022-01-01','2022-12-30',0,'202212','C',NULL,NULL),(7,21,'LP','2022-01-01','2022-12-30',0,'202209','C',NULL,NULL),(8,21,'LP','2023-01-01','2023-01-30',0,'202210','C','2023-06-25 02:20:36','2023-06-25 02:20:36'),(9,21,'LP','2023-01-01','2023-01-30',0,'202208','P','2023-06-25 02:22:20','2023-06-25 02:22:20'),(10,21,'LP','2025-10-01','2025-10-30',0,'202207','P','2023-06-25 03:45:38','2023-06-25 03:45:38'),(11,21,'LP','2023-01-01','2023-01-30',0,'202212','P','2023-06-25 17:48:18','2023-06-25 17:48:18'),(62,21,'LP','2023-01-01','2023-01-30',0,'202301','P','2023-07-30 00:47:52','2023-07-30 00:47:52');
/*!40000 ALTER TABLE `liquidaciones` ENABLE KEYS */;
UNLOCK TABLES;

--
-- Table structure for table `migrations`
--

DROP TABLE IF EXISTS `migrations`;
/*!40101 SET @saved_cs_client     = @@character_set_client */;
/*!50503 SET character_set_client = utf8mb4 */;
CREATE TABLE `migrations` (
  `id` int(10) unsigned NOT NULL AUTO_INCREMENT,
  `migration` varchar(255) COLLATE utf8mb4_unicode_ci NOT NULL,
  `batch` int(11) NOT NULL,
  PRIMARY KEY (`id`)
) ENGINE=MyISAM DEFAULT CHARSET=utf8mb4 COLLATE=utf8mb4_unicode_ci;
/*!40101 SET character_set_client = @saved_cs_client */;

--
-- Dumping data for table `migrations`
--

LOCK TABLES `migrations` WRITE;
/*!40000 ALTER TABLE `migrations` DISABLE KEYS */;
/*!40000 ALTER TABLE `migrations` ENABLE KEYS */;
UNLOCK TABLES;

--
-- Table structure for table `novedades`
--

DROP TABLE IF EXISTS `novedades`;
/*!40101 SET @saved_cs_client     = @@character_set_client */;
/*!50503 SET character_set_client = utf8mb4 */;
CREATE TABLE `novedades` (
  `id` int(11) NOT NULL AUTO_INCREMENT,
  `nov_idEmpresa` int(11) DEFAULT NULL,
  `nov_idEmpleado` int(11) DEFAULT NULL,
  `nov_idConcepto` int(11) DEFAULT NULL,
  `nov_tipo` char(1) COLLATE utf8mb4_unicode_ci DEFAULT NULL,
  `nov_periodo` char(6) COLLATE utf8mb4_unicode_ci DEFAULT NULL,
  `nov_cantidad` int(11) DEFAULT NULL,
  `nov_valor` decimal(12,2) DEFAULT NULL,
  `nov_estado` char(1) COLLATE utf8mb4_unicode_ci DEFAULT NULL,
  `created_at` timestamp NULL DEFAULT NULL,
  `updated_at` timestamp NULL DEFAULT NULL,
  PRIMARY KEY (`id`)
) ENGINE=MyISAM AUTO_INCREMENT=8 DEFAULT CHARSET=utf8mb4 COLLATE=utf8mb4_unicode_ci;
/*!40101 SET character_set_client = @saved_cs_client */;

--
-- Dumping data for table `novedades`
--

LOCK TABLES `novedades` WRITE;
/*!40000 ALTER TABLE `novedades` DISABLE KEYS */;
INSERT INTO `novedades` VALUES (1,21,6,9,'O','202301',0,240000.00,'A','2023-07-17 23:09:17','2023-07-17 23:09:17'),(2,21,2,10,'P',NULL,0,120000.00,'A','2023-07-17 23:16:11','2023-07-17 23:16:11'),(3,21,5,4,'P',NULL,0,230000.00,'A','2023-07-21 03:12:26','2023-07-21 03:12:26'),(4,21,6,4,'P',NULL,0,230000.00,'A','2023-07-21 03:15:40','2023-07-21 03:15:40'),(5,21,1,4,'P',NULL,0,230000.00,'A',NULL,NULL),(6,21,3,4,'P',NULL,0,230000.00,'A',NULL,NULL),(7,21,4,4,'P',NULL,0,230000.00,'A',NULL,NULL);
/*!40000 ALTER TABLE `novedades` ENABLE KEYS */;
UNLOCK TABLES;

--
-- Table structure for table `parametros`
--

DROP TABLE IF EXISTS `parametros`;
/*!40101 SET @saved_cs_client     = @@character_set_client */;
/*!50503 SET character_set_client = utf8mb4 */;
CREATE TABLE `parametros` (
  `id` int(11) NOT NULL AUTO_INCREMENT,
  `par_idEmpresa` int(11) NOT NULL,
  `par_porcCaja` decimal(10,2) DEFAULT NULL,
  `par_porcICBF` decimal(10,2) DEFAULT NULL,
  `par_porSENA` decimal(10,2) DEFAULT NULL,
  `par_porcRiesgos` decimal(10,4) DEFAULT NULL,
  `par_porcESAP` decimal(10,2) DEFAULT NULL,
  `par_porcFODE` decimal(10,2) DEFAULT NULL,
  `par_fondoRiesgos` varchar(45) COLLATE utf8mb4_unicode_ci DEFAULT NULL,
  `par_CajaSubsidio` varchar(45) CHARACTER SET utf8mb4 COLLATE utf8mb4_spanish_ci DEFAULT NULL,
  `par_representante` varchar(80) COLLATE utf8mb4_unicode_ci DEFAULT NULL,
  `par_tipoDocRepresentante` char(1) COLLATE utf8mb4_unicode_ci DEFAULT NULL,
  `par_nroDocRepresentante` varchar(12) COLLATE utf8mb4_unicode_ci DEFAULT NULL,
  `par_tesorero` varchar(80) COLLATE utf8mb4_unicode_ci DEFAULT NULL,
  `par_tipoDocTesorero` char(1) COLLATE utf8mb4_unicode_ci DEFAULT NULL,
  `par_nroDocTesorero` varchar(12) COLLATE utf8mb4_unicode_ci DEFAULT NULL,
  `par_festivadiurna` decimal(8,2) DEFAULT NULL,
  `par_festivanocturna` decimal(8,2) DEFAULT NULL,
  `par_horasnocturna` decimal(8,2) DEFAULT NULL,
  `par_horasdiurna` decimal(8,2) DEFAULT NULL,
  `par_periodo` varchar(6) COLLATE utf8mb4_unicode_ci DEFAULT NULL,
  `par_liquidacion` char(1) COLLATE utf8mb4_unicode_ci DEFAULT NULL,
  `par_smmlv` decimal(12,0) DEFAULT NULL,
  `par_auxTransporte` decimal(12,2) DEFAULT NULL,
  `par_diasVacaciones` int(11) DEFAULT NULL,
  `par_horasMes` int(11) DEFAULT NULL,
  `par_logo` varchar(100) COLLATE utf8mb4_unicode_ci DEFAULT NULL,
  `par_uvt` decimal(10,2) DEFAULT NULL,
  `par_retefuente_rango0` int(11) DEFAULT NULL,
  `par_retefuente_rango1` int(11) DEFAULT NULL,
  `par_retefuente_rango2` int(11) DEFAULT NULL,
  `par_retefuente_rango3` int(11) DEFAULT NULL,
  `par_retefuente_rango4` int(11) DEFAULT NULL,
  `par_retefuente_rango5` int(11) DEFAULT NULL,
  `par_retefuente_rango6` int(11) DEFAULT NULL,
  `par_retefunte_porc0` decimal(10,2) DEFAULT NULL,
  `par_retefunte_porc1` decimal(10,2) DEFAULT NULL,
  `par_retefunte_porc2` decimal(10,2) DEFAULT NULL,
  `par_retefunte_porc3` decimal(10,2) DEFAULT NULL,
  `par_retefunte_porc4` decimal(10,2) DEFAULT NULL,
  `par_retefunte_porc5` decimal(10,2) DEFAULT NULL,
  `par_retefunte_porc6` decimal(10,2) DEFAULT NULL,
  `par_codigo_salario` char(3) COLLATE utf8mb4_unicode_ci DEFAULT NULL,
  `par_codigo_trasporte` char(3) COLLATE utf8mb4_unicode_ci DEFAULT NULL,
  `par_codigo_hrsRxtras` char(3) COLLATE utf8mb4_unicode_ci DEFAULT NULL,
  `par_codigo_bonos` char(3) COLLATE utf8mb4_unicode_ci DEFAULT NULL,
  `par_codigo_salud` char(3) COLLATE utf8mb4_unicode_ci DEFAULT NULL,
  `par_codigo_pension` char(3) COLLATE utf8mb4_unicode_ci DEFAULT NULL,
  `par_codigo_riesgos` char(3) COLLATE utf8mb4_unicode_ci DEFAULT NULL,
  `par_codigo_retefuente` char(3) COLLATE utf8mb4_unicode_ci DEFAULT NULL,
  `created_at` timestamp NULL DEFAULT NULL,
  `updated_at` timestamp NULL DEFAULT NULL,
  PRIMARY KEY (`id`,`par_idEmpresa`)
) ENGINE=MyISAM AUTO_INCREMENT=2 DEFAULT CHARSET=utf8mb4 COLLATE=utf8mb4_unicode_ci;
/*!40101 SET character_set_client = @saved_cs_client */;

--
-- Dumping data for table `parametros`
--

LOCK TABLES `parametros` WRITE;
/*!40000 ALTER TABLE `parametros` DISABLE KEYS */;
INSERT INTO `parametros` VALUES (1,21,4.00,2.00,2.00,0.0522,0.00,0.00,NULL,NULL,'Ana Gabriel Mejía Joya','C','23400112','Alberto Rodríguez','E','17655300',2.00,2.50,1.75,1.25,'202301','M',1160000,140606.00,15,240,'logo21.png',42412.00,0,95,150,360,640,945,2300,0.00,19.00,28.00,33.00,35.00,37.00,39.00,'SAL','TRA','HEX','BON','EPS','AFP','ARL','RET','2023-01-01 05:00:00','2023-07-29 22:59:22');
/*!40000 ALTER TABLE `parametros` ENABLE KEYS */;
UNLOCK TABLES;

--
-- Table structure for table `terceros`
--

DROP TABLE IF EXISTS `terceros`;
/*!40101 SET @saved_cs_client     = @@character_set_client */;
/*!50503 SET character_set_client = utf8mb4 */;
CREATE TABLE `terceros` (
  `id` int(11) NOT NULL AUTO_INCREMENT,
  `ter_idEmpresa` int(11) DEFAULT NULL,
  `ter_idTipoTercero` int(11) DEFAULT NULL,
  `ter_nombre` varchar(100) DEFAULT NULL,
  `ter_direccion` varchar(100) DEFAULT NULL,
  `ter_ciudad` varchar(45) DEFAULT NULL,
  `ter_email` varchar(100) DEFAULT NULL,
  `ter_tipoDoc` char(1) DEFAULT NULL,
  `ter_nroDoc` varchar(20) DEFAULT NULL,
  `ter_telefono` varchar(100) DEFAULT NULL,
  `ter_estado` char(1) DEFAULT NULL,
  `created_at` timestamp NULL DEFAULT NULL,
  `updated_at` timestamp NULL DEFAULT NULL,
  PRIMARY KEY (`id`),
  KEY `ter_idEmpresa` (`ter_idEmpresa`)
) ENGINE=InnoDB AUTO_INCREMENT=62 DEFAULT CHARSET=latin1;
/*!40101 SET character_set_client = @saved_cs_client */;

--
-- Dumping data for table `terceros`
--

LOCK TABLES `terceros` WRITE;
/*!40000 ALTER TABLE `terceros` DISABLE KEYS */;
INSERT INTO `terceros` VALUES (59,21,7,'Fondo de Empleados PAZ','Av El Dorado','Bogotá','iempo@com','N','98006544','4565778','A',NULL,NULL),(60,21,6,'CoopeMas','Carrera 54 # 55 44 Apto 412','Bogotá','alvaro.oycsoft@gmail.com','A','123','+573174142133','A','2023-05-24 02:16:32','2023-05-24 02:16:32'),(61,21,8,'Juzgado único promiscuo de la Vega','Cra 3 # 4-5','La Fega','claro@com','N','89000654400','40056577','A','2023-05-24 02:17:39','2023-05-24 02:17:39');
/*!40000 ALTER TABLE `terceros` ENABLE KEYS */;
UNLOCK TABLES;

--
-- Table structure for table `tipos_varios`
--

DROP TABLE IF EXISTS `tipos_varios`;
/*!40101 SET @saved_cs_client     = @@character_set_client */;
/*!50503 SET character_set_client = utf8mb4 */;
CREATE TABLE `tipos_varios` (
  `id` int(11) NOT NULL AUTO_INCREMENT,
  `tt_idEmpresa` int(11) DEFAULT NULL,
  `tt_clase` char(2) COLLATE utf8mb4_unicode_ci DEFAULT NULL,
  `tt_codigo` char(10) COLLATE utf8mb4_unicode_ci DEFAULT NULL,
  `tt_descripcion` varchar(45) COLLATE utf8mb4_unicode_ci DEFAULT NULL,
  `tt_estado` char(1) COLLATE utf8mb4_unicode_ci DEFAULT NULL,
  `created_at` timestamp NULL DEFAULT NULL,
  `updated_at` timestamp NULL DEFAULT NULL,
  PRIMARY KEY (`id`)
) ENGINE=MyISAM AUTO_INCREMENT=22 DEFAULT CHARSET=utf8mb4 COLLATE=utf8mb4_unicode_ci;
/*!40101 SET character_set_client = @saved_cs_client */;

--
-- Dumping data for table `tipos_varios`
--

LOCK TABLES `tipos_varios` WRITE;
/*!40000 ALTER TABLE `tipos_varios` DISABLE KEYS */;
INSERT INTO `tipos_varios` VALUES (1,21,'OT','BANCO','Bancos en General','A','2023-06-02 08:21:23','2023-06-02 08:21:23'),(2,21,'EP','COLSANITAS','Entidad Promotora de Salud','A','2023-06-02 08:26:26','2023-06-02 08:26:26'),(3,21,'AR','ARL','Administradoras de Riesgos Laborales','A','2023-06-02 17:55:57','2023-06-02 17:55:57'),(4,21,'CA','ADMIN','Administrativos','A','2023-06-05 17:02:14','2023-06-10 01:25:25'),(5,21,'CA','OPERA','Operativo','A','2023-06-05 17:02:37','2023-06-05 17:02:51'),(6,21,'CO','COOP','Cooperativas de empleados','A','2023-06-07 22:39:27','2023-06-07 22:39:27'),(7,21,'CO','FONDO','Fondos de empleados','A','2023-06-07 22:40:04','2023-06-07 22:40:04'),(8,21,'JZ','EMBARGO','Juzgados para embargos','A','2023-06-08 00:30:34','2023-06-08 00:30:34'),(9,21,'CC','CAJAS','Cajas de compensación','A','2023-06-08 20:54:08','2023-06-08 20:54:08'),(10,21,'CA','EJECUTIVO','Puesto de directores','A','2023-06-10 01:21:22','2023-06-10 01:21:37'),(12,21,'JZ','PROMISC21','Juzgado 21 promiscuo de Bosa C/marca','A','2023-06-16 00:27:34','2023-06-16 00:27:34'),(13,21,'FP','COLFONDOS','Colombiana de fondos','A','2023-06-17 01:48:31','2023-06-17 01:48:31'),(14,21,'EP','COMPENSAR','Compensar EPS','A','2023-06-17 01:48:31','2023-06-17 01:48:31'),(15,21,'EP','FANISANAR','Famisanar EPS','A','2023-06-17 01:48:31','2023-06-17 01:48:31'),(16,21,'LQ','LP','Liquidación Periódica','A','2023-06-23 20:59:19','2023-06-23 20:59:19'),(17,21,'LQ','PS','Prima Semestral','A','2023-06-23 05:00:00','2023-06-23 05:00:00'),(18,21,'LQ','PN','Prima de Navidad','A','2023-06-23 05:00:00','2023-06-23 05:00:00'),(19,21,'LQ','PC','Pago de Cesantías','A','2023-06-23 05:00:00','2023-06-23 05:00:00'),(20,21,'LQ','LD','Liquidación Definitiva','A','2023-06-23 05:00:00','2023-06-23 05:00:00');
/*!40000 ALTER TABLE `tipos_varios` ENABLE KEYS */;
UNLOCK TABLES;

--
-- Table structure for table `users`
--

DROP TABLE IF EXISTS `users`;
/*!40101 SET @saved_cs_client     = @@character_set_client */;
/*!50503 SET character_set_client = utf8mb4 */;
CREATE TABLE `users` (
  `id` bigint(20) unsigned NOT NULL AUTO_INCREMENT,
  `name` varchar(255) COLLATE utf8mb4_unicode_ci DEFAULT NULL,
  `email` varchar(255) COLLATE utf8mb4_unicode_ci NOT NULL,
  `email_verified_at` timestamp NULL DEFAULT NULL,
  `password` varchar(255) COLLATE utf8mb4_unicode_ci NOT NULL,
  `empresa` varchar(100) COLLATE utf8mb4_unicode_ci DEFAULT NULL,
  `direccion` varchar(100) COLLATE utf8mb4_unicode_ci DEFAULT NULL,
  `barrio` varchar(45) COLLATE utf8mb4_unicode_ci DEFAULT NULL,
  `ciudad` varchar(45) COLLATE utf8mb4_unicode_ci DEFAULT NULL,
  `codigo` varchar(45) COLLATE utf8mb4_unicode_ci DEFAULT NULL,
  `tipodoc` char(1) COLLATE utf8mb4_unicode_ci DEFAULT NULL,
  `nrodoc` varchar(15) COLLATE utf8mb4_unicode_ci DEFAULT NULL,
  `telefono` varchar(45) COLLATE utf8mb4_unicode_ci DEFAULT NULL,
  `profile` char(1) COLLATE utf8mb4_unicode_ci DEFAULT NULL,
  `estado` char(1) COLLATE utf8mb4_unicode_ci DEFAULT NULL,
  `remember_token` varchar(100) COLLATE utf8mb4_unicode_ci DEFAULT NULL,
  `created_at` timestamp NULL DEFAULT NULL,
  `updated_at` timestamp NULL DEFAULT NULL,
  `username` varchar(45) COLLATE utf8mb4_unicode_ci DEFAULT NULL,
  `en_nombre` varchar(100) COLLATE utf8mb4_unicode_ci DEFAULT NULL,
  PRIMARY KEY (`id`),
  UNIQUE KEY `users_email_unique` (`email`)
) ENGINE=InnoDB AUTO_INCREMENT=24 DEFAULT CHARSET=utf8mb4 COLLATE=utf8mb4_unicode_ci;
/*!40101 SET character_set_client = @saved_cs_client */;

--
-- Dumping data for table `users`
--

LOCK TABLES `users` WRITE;
/*!40000 ALTER TABLE `users` DISABLE KEYS */;
INSERT INTO `users` VALUES (5,'Francisco','pachos@com.co','2023-05-15 05:56:15','$2y$10$/aqDWOL8EfAm0oH8zJ22xOsJ7IP.TZ0OkhRXv1e/T4TWcS3./CeSy','21','Cra 45','Cerca','Cali',NULL,'E','13556','3111233','C','A',NULL,'2023-05-15 05:56:15','2023-06-10 21:54:47','Francisco',''),(6,'HUGO','drruiz07@gmail.com','2023-05-15 06:20:00','$2y$10$/aqDWOL8EfAm0oH8zJ22xOsJ7IP.TZ0OkhRXv1e/T4TWcS3./CeSy','22','Avenida las palmas','La brisa','Bogotá','mmm','N','555','666','A','A',NULL,'2023-05-15 06:20:00','2023-05-15 06:20:00','Admin',NULL),(7,'Alvaro Ortiz C','alvaro.oycsoft@gmail.com',NULL,'$2y$10$/aqDWOL8EfAm0oH8zJ22xOsJ7IP.TZ0OkhRXv1e/T4TWcS3./CeSy','21','Cl 34 # 22A-33','Arredondo','Nariño',NULL,'E','753799','300654333','A','I',NULL,'2023-05-15 22:36:37','2023-05-15 22:36:37','minas',NULL),(8,'usu1','usuario1@com',NULL,'$2y$10$/aqDWOL8EfAm0oH8zJ22xOsJ7IP.TZ0OkhRXv1e/T4TWcS3./CeSy','21','cl 21','nn','CC',NULL,'C','123','456','C','A',NULL,'2023-05-01 05:00:00','2023-05-25 05:00:00','user1',NULL),(16,'usu2','usuario2@com',NULL,'$2y$10$/aqDWOL8EfAm0oH8zJ22xOsJ7IP.TZ0OkhRXv1e/T4TWcS3./CeSy','21','cl 21','nn','CC',NULL,'C','123','456','C','A',NULL,'2023-05-01 05:00:00','2023-05-25 05:00:00','user2',NULL),(17,'usu3','usuario3@com',NULL,'$2y$10$/aqDWOL8EfAm0oH8zJ22xOsJ7IP.TZ0OkhRXv1e/T4TWcS3./CeSy','21','cl 21','nn','CC',NULL,'C','123','456','C','A',NULL,'2023-05-01 05:00:00','2023-05-25 05:00:00','user3',NULL),(18,'Superman','super@com',NULL,'$2y$10$/aqDWOL8EfAm0oH8zJ22xOsJ7IP.TZ0OkhRXv1e/T4TWcS3./CeSy','21','cl 21','nn','CC',NULL,'C','123','456','S','A',NULL,'2023-05-01 05:00:00','2023-05-25 05:00:00','superman',NULL),(20,'Alvaro Ortiz C','usuario6@com',NULL,'$2y$10$/aqDWOL8EfAm0oH8zJ22xOsJ7IP.TZ0OkhRXv1e/T4TWcS3./CeSy','21','cl 21','nn','CC',NULL,'C','123','456','A','A',NULL,'2023-05-01 05:00:00','2023-05-25 05:00:00','alvaro',NULL),(22,'Alvaro Ort','pitit@gmail.com',NULL,'$2y$10$xis4hH8vwax0yt13I8h79OGXZ6CepVgsI7ZAmu/ziuY/Rj/Gc3O6W','21','Carrera 54 # 55 44 Apto 412',NULL,'Bogotá',NULL,'E','4566','+573174142133','O','A',NULL,'2023-06-10 06:40:30','2023-06-10 06:40:30','piti','Admin123'),(23,'Josefina Delgado','jsf@mail.com',NULL,'$2y$10$RrtbYVXXic5niZNhphvWtOQa8AOSdSUi9RDw.G1FQowboo1CuX3cK','21','cra 12',NULL,'cali',NULL,'N','6543','234','C','A',NULL,'2023-06-10 06:51:47','2023-06-10 06:51:47','Josefina','Admin123');
/*!40000 ALTER TABLE `users` ENABLE KEYS */;
UNLOCK TABLES;

--
-- Table structure for table `vacaciones`
--

DROP TABLE IF EXISTS `vacaciones`;
/*!40101 SET @saved_cs_client     = @@character_set_client */;
/*!50503 SET character_set_client = utf8mb4 */;
CREATE TABLE `vacaciones` (
  `id` int(11) NOT NULL AUTO_INCREMENT,
  `vac_idEmpresa` int(11) DEFAULT NULL,
  `vac_idEmpleado` int(11) DEFAULT NULL,
  `vac_idLiquidacion` int(11) DEFAULT NULL,
  `vac_fechaInicio` date DEFAULT NULL,
  `vac_fechaFinal` date DEFAULT NULL,
  `vac_estado` char(1) COLLATE utf8mb4_unicode_ci DEFAULT NULL,
  `created_at` timestamp NULL DEFAULT NULL,
  `updated_at` timestamp NULL DEFAULT NULL,
  PRIMARY KEY (`id`)
) ENGINE=MyISAM DEFAULT CHARSET=utf8mb4 COLLATE=utf8mb4_unicode_ci;
/*!40101 SET character_set_client = @saved_cs_client */;

--
-- Dumping data for table `vacaciones`
--

LOCK TABLES `vacaciones` WRITE;
/*!40000 ALTER TABLE `vacaciones` DISABLE KEYS */;
/*!40000 ALTER TABLE `vacaciones` ENABLE KEYS */;
UNLOCK TABLES;
/*!40103 SET TIME_ZONE=@OLD_TIME_ZONE */;

/*!40101 SET SQL_MODE=@OLD_SQL_MODE */;
/*!40014 SET FOREIGN_KEY_CHECKS=@OLD_FOREIGN_KEY_CHECKS */;
/*!40014 SET UNIQUE_CHECKS=@OLD_UNIQUE_CHECKS */;
/*!40101 SET CHARACTER_SET_CLIENT=@OLD_CHARACTER_SET_CLIENT */;
/*!40101 SET CHARACTER_SET_RESULTS=@OLD_CHARACTER_SET_RESULTS */;
/*!40101 SET COLLATION_CONNECTION=@OLD_COLLATION_CONNECTION */;
/*!40111 SET SQL_NOTES=@OLD_SQL_NOTES */;

-- Dump completed on 2023-07-31 20:52:04
